,fips,ST,Unemployment_rate_2021,Median_Household_Income_2020
0,0,US,5.4,"67,340"
1,1000,AL,3.4,"53,958"
2,1001,AL,2.8,"67,565"
3,1003,AL,3.0,"71,135"
4,1005,AL,5.7,"38,866"
5,1007,AL,3.5,"50,907"
6,1009,AL,2.4,"55,203"
7,1011,AL,4.0,"33,124"
8,1013,AL,5.3,"42,268"
9,1015,AL,4.1,"50,259"
10,1017,AL,3.7,"39,318"
11,1019,AL,2.5,"50,388"
12,1021,AL,2.9,"52,693"
13,1023,AL,4.4,"41,649"
14,1025,AL,6.0,"44,178"
15,1027,AL,2.7,"44,763"
16,1029,AL,2.6,"50,134"
17,1031,AL,2.8,"54,203"
18,1033,AL,4.0,"54,185"
19,1035,AL,4.8,"34,664"
20,1037,AL,3.1,"46,509"
21,1039,AL,3.0,"43,544"
22,1041,AL,3.3,"45,927"
23,1043,AL,2.4,"51,844"
24,1045,AL,3.1,"48,493"
25,1047,AL,7.4,"37,679"
26,1049,AL,2.5,"47,156"
27,1051,AL,2.7,"62,524"
28,1053,AL,4.1,"41,212"
29,1055,AL,4.1,"47,872"
30,1057,AL,3.1,"45,937"
31,1059,AL,2.5,"40,448"
32,1061,AL,2.8,"39,882"
33,1063,AL,6.9,"33,609"
34,1065,AL,5.7,"41,836"
35,1067,AL,3.2,"51,126"
36,1069,AL,3.4,"54,391"
37,1071,AL,2.9,"46,606"
38,1073,AL,3.6,"57,802"
39,1075,AL,3.0,"40,204"
40,1077,AL,3.2,"52,293"
41,1079,AL,2.9,"48,924"
42,1081,AL,2.8,"58,963"
43,1083,AL,2.5,"70,850"
44,1085,AL,9.2,"37,499"
45,1087,AL,6.0,"37,736"
46,1089,AL,2.7,"67,810"
47,1091,AL,4.2,"43,198"
48,1093,AL,2.8,"44,333"
49,1095,AL,2.4,"51,417"
50,1097,AL,4.7,"50,871"
51,1099,AL,5.6,"38,812"
52,1101,AL,4.9,"49,607"
53,1103,AL,2.6,"55,688"
54,1105,AL,8.3,"33,712"
55,1107,AL,4.1,"41,870"
56,1109,AL,3.2,"43,141"
57,1111,AL,2.7,"46,679"
58,1113,AL,3.1,"40,821"
59,1115,AL,2.6,"61,973"
60,1117,AL,2.1,"88,444"
61,1119,AL,4.5,"32,275"
62,1121,AL,4.1,"44,802"
63,1123,AL,4.0,"46,654"
64,1125,AL,3.6,"56,610"
65,1127,AL,3.6,"46,519"
66,1129,AL,4.7,"36,346"
67,1131,AL,11.0,"31,909"
68,1133,AL,2.8,"46,453"
69,2000,AK,6.4,"79,961"
70,2013,AK,2.3,"79,128"
71,2016,AK,3.6,"92,216"
72,2020,AK,5.8,"84,577"
73,2050,AK,13.1,"52,214"
74,2060,AK,5.6,"87,032"
75,2063,AK,6.7,"84,063"
76,2066,AK,8.9,"61,215"
77,2068,AK,10.1,"80,192"
78,2070,AK,8.2,"72,334"
79,2090,AK,5.0,"76,650"
80,2100,AK,11.3,"105,044"
81,2105,AK,9.3,"55,593"
82,2110,AK,4.7,"89,204"
83,2122,AK,7.3,"68,448"
84,2130,AK,7.4,"76,780"
85,2150,AK,6.4,"72,028"
86,2158,AK,19.9,"37,566"
87,2164,AK,8.9,"54,386"
88,2170,AK,6.8,"89,502"
89,2180,AK,9.7,"64,309"
90,2185,AK,6.3,"94,759"
91,2188,AK,11.5,"65,194"
92,2195,AK,7.0,"66,096"
93,2198,AK,8.0,"53,638"
94,2201,AK,,
95,2220,AK,4.5,"79,363"
96,2230,AK,14.2,"78,421"
97,2232,AK,,
98,2240,AK,6.6,"64,544"
99,2261,AK,,
100,2275,AK,7.5,"64,643"
101,2280,AK,,
102,2282,AK,7.1,"68,352"
103,2290,AK,12.4,"43,060"
104,4000,AZ,4.9,"64,652"
105,4001,AZ,9.1,"36,319"
106,4003,AZ,4.8,"51,171"
107,4005,AZ,6.0,"57,146"
108,4007,AZ,5.0,"49,280"
109,4009,AZ,4.1,"55,419"
110,4011,AZ,4.0,"67,530"
111,4012,AZ,5.1,"41,637"
112,4013,AZ,4.5,"71,799"
113,4015,AZ,5.5,"46,678"
114,4017,AZ,6.5,"46,698"
115,4019,AZ,5.0,"56,551"
116,4021,AZ,4.7,"66,992"
117,4023,AZ,8.7,"44,402"
118,4025,AZ,4.1,"58,860"
119,4027,AZ,12.9,"54,278"
120,5000,AR,4.0,"51,146"
121,5001,AR,3.4,"51,186"
122,5003,AR,7.4,"44,677"
123,5005,AR,3.7,"44,833"
124,5007,AR,2.8,"78,678"
125,5009,AR,3.0,"48,153"
126,5011,AR,4.7,"41,578"
127,5013,AR,3.3,"50,865"
128,5015,AR,3.4,"45,397"
129,5017,AR,8.6,"35,992"
130,5019,AR,4.7,"46,464"
131,5021,AR,4.0,"43,723"
132,5023,AR,4.6,"49,964"
133,5025,AR,4.0,"57,697"
134,5027,AR,5.3,"44,925"
135,5029,AR,4.2,"47,049"
136,5031,AR,3.3,"51,797"
137,5033,AR,3.6,"54,534"
138,5035,AR,5.4,"47,545"
139,5037,AR,4.4,"40,587"
140,5039,AR,4.1,"34,649"
141,5041,AR,5.9,"37,421"
142,5043,AR,5.0,"46,787"
143,5045,AR,3.5,"57,367"
144,5047,AR,3.7,"47,256"
145,5049,AR,3.6,"39,839"
146,5051,AR,5.0,"46,459"
147,5053,AR,3.2,"62,077"
148,5055,AR,3.4,"53,821"
149,5057,AR,3.5,"42,790"
150,5059,AR,3.9,"49,582"
151,5061,AR,3.2,"40,566"
152,5063,AR,3.9,"50,834"
153,5065,AR,5.4,"41,787"
154,5067,AR,5.2,"40,789"
155,5069,AR,6.6,"40,588"
156,5071,AR,4.7,"39,439"
157,5073,AR,5.8,"40,007"
158,5075,AR,4.3,"41,188"
159,5077,AR,5.6,"32,502"
160,5079,AR,4.6,"47,903"
161,5081,AR,4.5,"47,125"
162,5083,AR,4.2,"43,577"
163,5085,AR,3.3,"59,623"
164,5087,AR,3.1,"45,144"
165,5089,AR,4.3,"39,888"
166,5091,AR,4.8,"43,634"
167,5093,AR,7.2,"47,892"
168,5095,AR,5.3,"35,833"
169,5097,AR,4.8,"42,751"
170,5099,AR,4.0,"41,854"
171,5101,AR,3.0,"40,698"
172,5103,AR,3.9,"46,374"
173,5105,AR,4.1,"46,317"
174,5107,AR,7.7,"35,167"
175,5109,AR,4.4,"43,133"
176,5111,AR,3.9,"36,150"
177,5113,AR,4.4,"42,915"
178,5115,AR,4.0,"46,350"
179,5117,AR,3.7,"48,478"
180,5119,AR,4.9,"56,171"
181,5121,AR,3.9,"46,495"
182,5123,AR,6.2,"37,759"
183,5125,AR,3.1,"70,550"
184,5127,AR,3.3,"41,230"
185,5129,AR,4.2,"33,814"
186,5131,AR,3.7,"48,627"
187,5133,AR,4.4,"45,838"
188,5135,AR,4.9,"40,437"
189,5137,AR,5.0,"36,148"
190,5139,AR,6.1,"47,857"
191,5141,AR,4.9,"42,345"
192,5143,AR,2.9,"57,712"
193,5145,AR,4.0,"43,765"
194,5147,AR,5.0,"37,634"
195,5149,AR,4.0,"48,728"
196,6000,CA,7.3,"83,001"
197,6001,CA,6.1,"113,518"
198,6003,CA,8.1,"64,542"
199,6005,CA,7.0,"68,141"
200,6007,CA,6.9,"54,718"
201,6009,CA,5.7,"66,329"
202,6011,CA,12.5,"59,422"
203,6013,CA,6.4,"106,484"
204,6015,CA,7.6,"47,442"
205,6017,CA,5.7,"87,792"
206,6019,CA,9.2,"61,401"
207,6021,CA,6.9,"57,779"
208,6023,CA,6.2,"56,071"
209,6025,CA,17.3,"47,599"
210,6027,CA,5.9,"55,981"
211,6029,CA,10.0,"58,583"
212,6031,CA,9.6,"60,319"
213,6033,CA,7.6,"52,345"
214,6035,CA,5.9,"63,803"
215,6037,CA,8.9,"75,624"
216,6039,CA,8.8,"68,744"
217,6041,CA,4.5,"127,601"
218,6043,CA,8.0,"56,887"
219,6045,CA,6.2,"53,176"
220,6047,CA,10.4,"58,998"
221,6049,CA,7.1,"46,838"
222,6051,CA,6.8,"73,204"
223,6053,CA,8.3,"85,031"
224,6055,CA,6.0,"92,149"
225,6057,CA,5.6,"74,158"
226,6059,CA,6.0,"98,786"
227,6061,CA,5.0,"100,662"
228,6063,CA,9.5,"58,489"
229,6065,CA,7.3,"76,409"
230,6067,CA,7.0,"72,953"
231,6069,CA,7.2,"91,185"
232,6071,CA,7.4,"65,984"
233,6073,CA,6.5,"87,126"
234,6075,CA,5.0,"121,722"
235,6077,CA,8.7,"70,685"
236,6079,CA,5.2,"79,455"
237,6081,CA,4.6,"132,369"
238,6083,CA,5.8,"86,136"
239,6085,CA,4.7,"139,462"
240,6087,CA,6.9,"93,015"
241,6089,CA,6.8,"59,108"
242,6091,CA,6.0,"59,422"
243,6093,CA,8.1,"49,441"
244,6095,CA,7.5,"83,678"
245,6097,CA,5.5,"87,366"
246,6099,CA,8.4,"64,501"
247,6101,CA,9.0,"65,791"
248,6103,CA,7.2,"61,571"
249,6105,CA,6.3,"45,113"
250,6107,CA,10.7,"62,058"
251,6109,CA,7.3,"63,336"
252,6111,CA,6.2,"90,961"
253,6113,CA,5.8,"80,668"
254,6115,CA,8.5,"56,278"
255,8000,CO,5.4,"77,688"
256,8001,CO,6.2,"73,615"
257,8003,CO,5.5,"50,390"
258,8005,CO,5.8,"82,381"
259,8007,CO,4.9,"63,961"
260,8009,CO,2.1,"42,531"
261,8011,CO,6.1,"50,688"
262,8013,CO,4.4,"88,289"
263,8014,CO,4.5,"106,263"
264,8015,CO,4.0,"64,220"
265,8017,CO,2.3,"56,383"
266,8019,CO,5.5,"79,422"
267,8021,CO,4.8,"39,822"
268,8023,CO,6.0,"35,639"
269,8025,CO,5.2,"36,836"
270,8027,CO,4.0,"60,485"
271,8029,CO,5.3,"53,553"
272,8031,CO,5.9,"75,355"
273,8033,CO,4.7,"50,821"
274,8035,CO,4.1,"122,290"
275,8037,CO,4.4,"94,309"
276,8039,CO,3.8,"107,139"
277,8041,CO,5.6,"72,459"
278,8043,CO,6.9,"52,414"
279,8045,CO,4.7,"79,958"
280,8047,CO,6.2,"79,622"
281,8049,CO,4.2,"74,484"
282,8051,CO,3.7,"68,214"
283,8053,CO,3.6,"63,034"
284,8055,CO,8.2,"49,502"
285,8057,CO,3.3,"55,430"
286,8059,CO,5.0,"90,097"
287,8061,CO,3.3,"49,179"
288,8063,CO,3.0,"54,642"
289,8065,CO,4.4,"61,518"
290,8067,CO,5.2,"66,080"
291,8069,CO,4.7,"80,344"
292,8071,CO,6.5,"46,281"
293,8073,CO,4.2,"50,169"
294,8075,CO,4.4,"55,717"
295,8077,CO,5.7,"64,141"
296,8079,CO,5.0,"58,004"
297,8081,CO,4.8,"63,128"
298,8083,CO,5.6,"54,053"
299,8085,CO,5.0,"59,764"
300,8087,CO,4.9,"63,297"
301,8089,CO,6.1,"46,235"
302,8091,CO,4.5,"74,492"
303,8093,CO,4.1,"77,598"
304,8095,CO,2.9,"57,385"
305,8097,CO,5.5,"93,634"
306,8099,CO,4.5,"47,463"
307,8101,CO,7.9,"50,885"
308,8103,CO,5.5,"64,039"
309,8105,CO,6.5,"51,416"
310,8107,CO,4.2,"82,330"
311,8109,CO,5.9,"56,012"
312,8111,CO,3.5,"54,387"
313,8113,CO,5.0,"77,099"
314,8115,CO,3.7,"43,354"
315,8117,CO,4.0,"91,079"
316,8119,CO,4.9,"62,845"
317,8121,CO,3.2,"59,174"
318,8123,CO,5.7,"77,937"
319,8125,CO,2.7,"82,124"
320,9000,CT,6.3,"79,723"
321,9001,CT,6.1,"98,828"
322,9003,CT,6.5,"73,476"
323,9005,CT,5.5,"79,512"
324,9007,CT,5.2,"89,970"
325,9009,CT,6.6,"72,517"
326,9011,CT,6.9,"77,202"
327,9013,CT,5.1,"87,247"
328,9015,CT,6.2,"66,349"
329,10000,DE,5.3,"71,335"
330,10001,DE,6.2,"61,538"
331,10003,DE,5.3,"75,145"
332,10005,DE,4.8,"69,829"
333,11000,DC,6.6,"91,957"
334,11001,DC,6.6,"91,957"
335,12000,FL,4.6,"61,724"
336,12001,FL,3.7,"51,995"
337,12003,FL,3.7,"61,514"
338,12005,FL,3.9,"61,332"
339,12007,FL,4.2,"48,260"
340,12009,FL,4.0,"65,871"
341,12011,FL,4.9,"63,901"
342,12013,FL,4.5,"43,994"
343,12015,FL,4.4,"58,368"
344,12017,FL,5.7,"48,574"
345,12019,FL,3.5,"72,520"
346,12021,FL,3.7,"81,895"
347,12023,FL,4.5,"46,670"
348,12027,FL,3.8,"45,807"
349,12029,FL,4.3,"41,450"
350,12031,FL,4.5,"55,202"
351,12033,FL,4.5,"57,089"
352,12035,FL,4.6,"67,054"
353,12037,FL,3.8,"47,206"
354,12039,FL,5.4,"42,698"
355,12041,FL,3.7,"52,000"
356,12043,FL,4.2,"45,328"
357,12045,FL,3.6,"51,593"
358,12047,FL,6.0,"41,871"
359,12049,FL,4.8,"46,264"
360,12051,FL,6.1,"45,652"
361,12053,FL,5.1,"52,108"
362,12055,FL,5.9,"48,922"
363,12057,FL,4.3,"65,272"
364,12059,FL,4.1,"41,969"
365,12061,FL,4.7,"72,934"
366,12063,FL,4.6,"44,108"
367,12065,FL,4.2,"54,354"
368,12067,FL,4.0,"41,635"
369,12069,FL,4.7,"58,501"
370,12071,FL,4.2,"66,140"
371,12073,FL,4.2,"61,403"
372,12075,FL,4.5,"41,894"
373,12077,FL,4.2,"46,734"
374,12079,FL,4.9,"41,650"
375,12081,FL,3.9,"63,328"
376,12083,FL,4.9,"48,553"
377,12085,FL,3.6,"72,736"
378,12086,FL,5.2,"59,259"
379,12087,FL,3.0,"68,584"
380,12089,FL,3.4,"75,123"
381,12091,FL,3.3,"65,977"
382,12093,FL,4.1,"48,028"
383,12095,FL,5.2,"69,074"
384,12097,FL,6.3,"63,018"
385,12099,FL,4.3,"68,200"
386,12101,FL,4.4,"52,332"
387,12103,FL,4.0,"61,532"
388,12105,FL,5.4,"54,591"
389,12107,FL,6.1,"36,527"
390,12109,FL,3.0,"94,343"
391,12111,FL,4.9,"59,023"
392,12113,FL,3.5,"71,583"
393,12115,FL,3.8,"66,138"
394,12117,FL,4.1,"71,930"
395,12119,FL,5.3,"60,278"
396,12121,FL,4.5,"46,264"
397,12123,FL,5.0,"45,527"
398,12125,FL,3.7,"49,313"
399,12127,FL,4.6,"55,463"
400,12129,FL,3.2,"64,671"
401,12131,FL,3.5,"74,108"
402,12133,FL,4.5,"44,661"
403,13000,GA,3.9,"62,800"
404,13001,GA,3.6,"44,871"
405,13003,GA,2.9,"39,633"
406,13005,GA,3.2,"41,756"
407,13007,GA,4.9,"43,696"
408,13009,GA,4.8,"49,350"
409,13011,GA,2.6,"62,836"
410,13013,GA,2.9,"64,460"
411,13015,GA,3.5,"64,980"
412,13017,GA,5.2,"39,305"
413,13019,GA,3.7,"45,094"
414,13021,GA,5.0,"44,467"
415,13023,GA,5.0,"51,448"
416,13025,GA,3.6,"39,256"
417,13027,GA,3.7,"42,973"
418,13029,GA,2.9,"81,890"
419,13031,GA,4.1,"48,629"
420,13033,GA,5.8,"44,870"
421,13035,GA,3.6,"52,720"
422,13037,GA,4.0,"37,984"
423,13039,GA,3.2,"67,525"
424,13043,GA,3.0,"42,583"
425,13045,GA,3.7,"64,554"
426,13047,GA,2.7,"61,906"
427,13049,GA,3.2,"46,061"
428,13051,GA,4.3,"56,357"
429,13053,GA,4.5,"51,811"
430,13055,GA,4.8,"44,399"
431,13057,GA,2.6,"90,675"
432,13059,GA,3.8,"46,693"
433,13061,GA,10.2,"35,937"
434,13063,GA,6.5,"49,370"
435,13065,GA,2.9,"43,088"
436,13067,GA,3.3,"81,517"
437,13069,GA,4.1,"44,520"
438,13071,GA,3.2,"41,673"
439,13073,GA,2.7,"87,489"
440,13075,GA,3.4,"35,225"
441,13077,GA,3.4,"84,121"
442,13079,GA,3.7,"48,184"
443,13081,GA,8.6,"36,871"
444,13083,GA,2.6,"41,069"
445,13085,GA,2.7,"75,081"
446,13087,GA,3.7,"42,996"
447,13089,GA,4.6,"69,545"
448,13091,GA,4.2,"42,683"
449,13093,GA,7.3,"45,112"
450,13095,GA,6.4,"40,793"
451,13097,GA,4.4,"65,269"
452,13099,GA,5.0,"39,697"
453,13101,GA,2.7,"45,378"
454,13103,GA,2.9,"77,690"
455,13105,GA,4.9,"43,553"
456,13107,GA,5.3,"36,243"
457,13109,GA,3.5,"51,018"
458,13111,GA,2.8,"44,730"
459,13113,GA,2.9,"98,623"
460,13115,GA,3.7,"47,423"
461,13117,GA,2.5,"116,690"
462,13119,GA,3.7,"47,706"
463,13121,GA,4.7,"71,504"
464,13123,GA,3.0,"66,066"
465,13125,GA,2.6,"50,800"
466,13127,GA,3.8,"59,286"
467,13129,GA,3.2,"54,915"
468,13131,GA,3.1,"54,601"
469,13133,GA,3.7,"61,857"
470,13135,GA,3.5,"73,460"
471,13137,GA,3.6,"61,071"
472,13139,GA,2.7,"67,735"
473,13141,GA,6.4,"36,424"
474,13143,GA,3.5,"51,431"
475,13145,GA,2.9,"81,151"
476,13147,GA,3.9,"52,401"
477,13149,GA,3.9,"51,532"
478,13151,GA,4.2,"69,620"
479,13153,GA,3.6,"69,442"
480,13155,GA,4.5,"47,492"
481,13157,GA,2.4,"70,960"
482,13159,GA,3.2,"57,796"
483,13161,GA,4.0,"44,417"
484,13163,GA,4.7,"40,333"
485,13165,GA,4.7,"38,306"
486,13167,GA,3.5,"36,358"
487,13169,GA,3.1,"64,812"
488,13171,GA,4.2,"55,024"
489,13173,GA,3.8,"35,215"
490,13175,GA,4.3,"46,690"
491,13177,GA,3.1,"74,640"
492,13179,GA,4.0,"49,788"
493,13181,GA,4.0,"47,883"
494,13183,GA,3.0,"53,841"
495,13185,GA,4.1,"48,864"
496,13187,GA,2.8,"63,822"
497,13189,GA,5.2,"48,392"
498,13191,GA,3.7,"48,097"
499,13193,GA,6.3,"35,997"
500,13195,GA,3.1,"50,619"
501,13197,GA,3.6,"46,792"
502,13199,GA,5.3,"45,095"
503,13201,GA,3.0,"51,855"
504,13205,GA,5.0,"38,256"
505,13207,GA,3.1,"65,599"
506,13209,GA,4.1,"47,074"
507,13211,GA,3.2,"68,343"
508,13213,GA,4.3,"58,761"
509,13215,GA,5.3,"44,959"
510,13217,GA,4.4,"62,183"
511,13219,GA,2.2,"104,519"
512,13221,GA,2.9,"55,678"
513,13223,GA,3.0,"77,755"
514,13225,GA,4.7,"51,531"
515,13227,GA,2.8,"69,781"
516,13229,GA,3.1,"51,696"
517,13231,GA,2.8,"64,986"
518,13233,GA,3.6,"51,040"
519,13235,GA,3.6,"44,019"
520,13237,GA,4.0,"56,104"
521,13239,GA,4.9,"37,735"
522,13241,GA,3.1,"53,038"
523,13243,GA,5.2,"36,064"
524,13245,GA,5.3,"43,942"
525,13247,GA,4.6,"61,332"
526,13249,GA,3.7,"53,163"
527,13251,GA,5.6,"44,061"
528,13253,GA,3.7,"41,778"
529,13255,GA,4.7,"51,019"
530,13257,GA,4.3,"46,626"
531,13259,GA,3.8,"40,205"
532,13261,GA,5.7,"42,653"
533,13263,GA,4.5,"44,458"
534,13265,GA,5.0,"28,004"
535,13267,GA,3.2,"45,191"
536,13269,GA,5.7,"38,783"
537,13271,GA,7.2,"38,161"
538,13273,GA,6.2,"39,433"
539,13275,GA,4.2,"57,969"
540,13277,GA,3.4,"45,093"
541,13279,GA,4.5,"42,165"
542,13281,GA,3.9,"43,640"
543,13283,GA,4.3,"40,834"
544,13285,GA,4.4,"51,799"
545,13287,GA,6.4,"46,042"
546,13289,GA,5.1,"46,444"
547,13291,GA,2.7,"50,653"
548,13293,GA,4.0,"48,233"
549,13295,GA,3.1,"49,388"
550,13297,GA,3.2,"71,390"
551,13299,GA,3.7,"39,994"
552,13301,GA,4.7,"40,422"
553,13303,GA,5.0,"43,309"
554,13305,GA,3.7,"48,885"
555,13307,GA,4.4,"45,381"
556,13309,GA,5.5,"36,671"
557,13311,GA,2.5,"58,831"
558,13313,GA,3.9,"56,249"
559,13315,GA,4.6,"40,856"
560,13317,GA,4.7,"42,071"
561,13319,GA,4.2,"44,068"
562,13321,GA,4.0,"47,907"
563,15000,HI,5.7,"86,878"
564,15001,HI,5.5,"70,313"
565,15003,HI,5.3,"89,584"
566,15007,HI,7.8,"80,517"
567,15009,HI,7.3,"80,763"
568,16000,ID,3.6,"62,603"
569,16001,ID,3.3,"73,324"
570,16003,ID,6.6,"49,967"
571,16005,ID,3.6,"54,538"
572,16007,ID,3.0,"55,689"
573,16009,ID,5.6,"53,014"
574,16011,ID,3.2,"65,658"
575,16013,ID,3.6,"76,301"
576,16015,ID,5.4,"55,583"
577,16017,ID,4.8,"55,241"
578,16019,ID,2.9,"67,294"
579,16021,ID,4.4,"52,193"
580,16023,ID,3.8,"52,081"
581,16025,ID,3.4,"59,409"
582,16027,ID,4.0,"57,886"
583,16029,ID,3.1,"63,719"
584,16031,ID,2.9,"64,591"
585,16033,ID,3.2,"52,182"
586,16035,ID,6.5,"45,377"
587,16037,ID,4.7,"53,278"
588,16039,ID,3.7,"49,450"
589,16041,ID,2.5,"65,396"
590,16043,ID,2.9,"58,658"
591,16045,ID,4.1,"60,526"
592,16047,ID,3.1,"57,728"
593,16049,ID,4.9,"51,201"
594,16051,ID,2.7,"66,806"
595,16053,ID,3.3,"57,342"
596,16055,ID,4.3,"66,959"
597,16057,ID,3.3,"59,834"
598,16059,ID,5.3,"48,908"
599,16061,ID,5.7,"52,255"
600,16063,ID,4.4,"58,806"
601,16065,ID,2.2,"53,727"
602,16067,ID,3.1,"56,022"
603,16069,ID,3.3,"57,839"
604,16071,ID,2.5,"69,357"
605,16073,ID,4.3,"53,910"
606,16075,ID,4.0,"60,177"
607,16077,ID,3.8,"45,404"
608,16079,ID,6.6,"44,336"
609,16081,ID,2.9,"74,935"
610,16083,ID,3.6,"54,995"
611,16085,ID,5.3,"62,600"
612,16087,ID,4.4,"49,186"
613,17000,IL,6.1,"71,243"
614,17001,IL,3.9,"57,434"
615,17003,IL,8.1,"38,315"
616,17005,IL,4.6,"58,209"
617,17007,IL,8.5,"82,318"
618,17009,IL,2.5,"52,277"
619,17011,IL,5.0,"57,728"
620,17013,IL,4.8,"61,648"
621,17015,IL,4.2,"53,965"
622,17017,IL,4.9,"54,205"
623,17019,IL,4.8,"64,387"
624,17021,IL,5.4,"56,656"
625,17023,IL,5.0,"59,633"
626,17025,IL,5.5,"59,602"
627,17027,IL,3.4,"71,883"
628,17029,IL,5.1,"46,900"
629,17031,IL,7.0,"71,611"
630,17033,IL,5.0,"57,632"
631,17035,IL,4.2,"68,683"
632,17037,IL,5.6,"68,546"
633,17039,IL,4.9,"65,526"
634,17041,IL,3.7,"63,003"
635,17043,IL,4.5,"92,101"
636,17045,IL,4.0,"52,668"
637,17047,IL,5.1,"55,832"
638,17049,IL,3.9,"65,172"
639,17051,IL,5.1,"49,030"
640,17053,IL,4.4,"58,478"
641,17055,IL,6.6,"49,834"
642,17057,IL,5.7,"48,828"
643,17059,IL,6.1,"44,282"
644,17061,IL,4.6,"51,242"
645,17063,IL,5.3,"74,935"
646,17065,IL,4.3,"49,302"
647,17067,IL,4.3,"54,076"
648,17069,IL,6.7,"39,674"
649,17071,IL,4.0,"58,577"
650,17073,IL,4.9,"63,859"
651,17075,IL,4.7,"53,633"
652,17077,IL,5.4,"45,608"
653,17079,IL,4.3,"57,969"
654,17081,IL,6.2,"58,114"
655,17083,IL,4.4,"69,341"
656,17085,IL,4.4,"56,446"
657,17087,IL,6.0,"51,607"
658,17089,IL,5.9,"83,784"
659,17091,IL,6.5,"57,413"
660,17093,IL,4.7,"97,263"
661,17095,IL,6.6,"52,881"
662,17097,IL,5.3,"100,325"
663,17099,IL,6.0,"62,714"
664,17101,IL,6.1,"47,408"
665,17103,IL,4.5,"64,310"
666,17105,IL,4.9,"66,274"
667,17107,IL,4.8,"65,255"
668,17109,IL,4.9,"52,155"
669,17111,IL,4.7,"89,730"
670,17113,IL,4.6,"71,919"
671,17115,IL,7.7,"57,601"
672,17117,IL,4.5,"53,312"
673,17119,IL,4.9,"63,903"
674,17121,IL,5.8,"52,019"
675,17123,IL,5.6,"54,022"
676,17125,IL,5.4,"53,503"
677,17127,IL,5.8,"49,054"
678,17129,IL,4.1,"69,749"
679,17131,IL,4.9,"62,857"
680,17133,IL,3.1,"90,880"
681,17135,IL,5.4,"59,497"
682,17137,IL,5.0,"54,764"
683,17139,IL,3.5,"61,022"
684,17141,IL,5.8,"71,470"
685,17143,IL,7.2,"53,506"
686,17145,IL,5.8,"55,132"
687,17147,IL,4.0,"69,521"
688,17149,IL,4.1,"48,815"
689,17151,IL,5.1,"49,071"
690,17153,IL,9.3,"40,481"
691,17155,IL,5.0,"70,070"
692,17157,IL,4.3,"56,867"
693,17159,IL,4.3,"56,900"
694,17161,IL,5.6,"58,022"
695,17163,IL,6.1,"61,863"
696,17165,IL,6.6,"45,793"
697,17167,IL,5.5,"60,541"
698,17169,IL,3.9,"53,686"
699,17171,IL,5.1,"59,285"
700,17173,IL,4.2,"64,508"
701,17175,IL,5.5,"54,219"
702,17177,IL,5.5,"57,952"
703,17179,IL,5.0,"69,874"
704,17181,IL,5.7,"55,736"
705,17183,IL,6.5,"49,678"
706,17185,IL,4.5,"56,190"
707,17187,IL,4.6,"57,964"
708,17189,IL,3.0,"69,386"
709,17191,IL,4.7,"49,649"
710,17193,IL,5.0,"46,080"
711,17195,IL,4.8,"64,413"
712,17197,IL,5.7,"90,349"
713,17199,IL,5.5,"59,174"
714,17201,IL,8.4,"54,971"
715,17203,IL,4.0,"72,980"
716,18000,IN,3.6,"60,794"
717,18001,IN,2.2,"58,602"
718,18003,IN,3.7,"61,039"
719,18005,IN,2.9,"70,545"
720,18007,IN,2.7,"59,663"
721,18009,IN,3.7,"49,105"
722,18011,IN,2.1,"92,302"
723,18013,IN,3.2,"70,930"
724,18015,IN,2.9,"62,388"
725,18017,IN,3.6,"50,419"
726,18019,IN,3.2,"65,555"
727,18021,IN,3.6,"56,422"
728,18023,IN,2.8,"59,503"
729,18025,IN,3.7,"46,884"
730,18027,IN,2.3,"53,101"
731,18029,IN,3.0,"73,459"
732,18031,IN,2.8,"61,561"
733,18033,IN,2.7,"62,411"
734,18035,IN,3.9,"46,612"
735,18037,IN,2.4,"64,120"
736,18039,IN,2.5,"66,801"
737,18041,IN,4.4,"53,616"
738,18043,IN,2.8,"70,610"
739,18045,IN,2.9,"55,627"
740,18047,IN,2.7,"71,828"
741,18049,IN,3.3,"55,895"
742,18051,IN,2.5,"59,074"
743,18053,IN,3.7,"49,788"
744,18055,IN,3.4,"55,213"
745,18057,IN,2.2,"96,359"
746,18059,IN,2.6,"77,916"
747,18061,IN,2.7,"62,082"
748,18063,IN,2.5,"86,905"
749,18065,IN,3.2,"54,002"
750,18067,IN,6.2,"59,309"
751,18069,IN,3.0,"59,252"
752,18071,IN,3.0,"62,415"
753,18073,IN,3.5,"70,662"
754,18075,IN,2.7,"42,504"
755,18077,IN,3.1,"55,588"
756,18079,IN,3.7,"60,526"
757,18081,IN,2.6,"76,868"
758,18083,IN,2.8,"44,842"
759,18085,IN,2.7,"62,269"
760,18087,IN,2.0,"72,513"
761,18089,IN,6.1,"59,158"
762,18091,IN,5.1,"63,999"
763,18093,IN,3.5,"63,904"
764,18095,IN,4.1,"51,718"
765,18097,IN,4.4,"56,185"
766,18099,IN,2.7,"57,657"
767,18101,IN,2.5,"46,486"
768,18103,IN,4.4,"54,439"
769,18105,IN,2.9,"61,808"
770,18107,IN,2.6,"58,867"
771,18109,IN,2.9,"67,004"
772,18111,IN,3.8,"59,246"
773,18113,IN,3.3,"62,173"
774,18115,IN,2.5,"63,210"
775,18117,IN,4.2,"52,029"
776,18119,IN,3.6,"53,893"
777,18121,IN,2.9,"54,125"
778,18123,IN,3.1,"44,011"
779,18125,IN,3.4,"58,220"
780,18127,IN,3.9,"78,732"
781,18129,IN,2.6,"63,801"
782,18131,IN,2.9,"52,609"
783,18133,IN,3.1,"66,613"
784,18135,IN,2.9,"67,178"
785,18137,IN,2.8,"58,849"
786,18139,IN,2.8,"67,318"
787,18141,IN,4.2,"60,070"
788,18143,IN,3.9,"59,286"
789,18145,IN,3.0,"59,252"
790,18147,IN,2.7,"66,667"
791,18149,IN,4.3,"51,996"
792,18151,IN,2.5,"62,273"
793,18153,IN,3.8,"45,227"
794,18155,IN,3.5,"55,618"
795,18157,IN,3.3,"52,806"
796,18159,IN,3.0,"76,368"
797,18161,IN,2.4,"59,098"
798,18163,IN,3.6,"49,482"
799,18165,IN,4.0,"52,433"
800,18167,IN,4.3,"45,897"
801,18169,IN,2.9,"55,750"
802,18171,IN,2.6,"68,135"
803,18173,IN,2.6,"82,453"
804,18175,IN,3.1,"49,494"
805,18177,IN,3.6,"49,798"
806,18179,IN,2.6,"66,597"
807,18181,IN,2.6,"57,787"
808,18183,IN,2.7,"61,841"
809,19000,IA,4.2,"62,362"
810,19001,IA,3.1,"55,265"
811,19003,IA,3.0,"56,291"
812,19005,IA,4.6,"55,320"
813,19007,IA,4.3,"49,737"
814,19009,IA,3.2,"56,338"
815,19011,IA,4.5,"72,308"
816,19013,IA,4.6,"56,091"
817,19015,IA,3.5,"70,656"
818,19017,IA,3.2,"74,596"
819,19019,IA,3.7,"66,852"
820,19021,IA,3.2,"61,189"
821,19023,IA,3.8,"54,822"
822,19025,IA,3.9,"62,000"
823,19027,IA,3.1,"61,701"
824,19029,IA,3.7,"55,301"
825,19031,IA,3.8,"68,592"
826,19033,IA,4.3,"57,659"
827,19035,IA,3.4,"61,360"
828,19037,IA,3.6,"63,869"
829,19039,IA,4.3,"69,923"
830,19041,IA,3.6,"59,940"
831,19043,IA,5.1,"56,256"
832,19045,IA,5.3,"56,017"
833,19047,IA,5.2,"56,707"
834,19049,IA,2.9,"92,025"
835,19051,IA,3.3,"57,225"
836,19053,IA,3.3,"46,373"
837,19055,IA,3.3,"66,364"
838,19057,IA,6.3,"55,153"
839,19059,IA,3.9,"67,477"
840,19061,IA,4.4,"65,986"
841,19063,IA,4.1,"57,652"
842,19065,IA,4.7,"53,254"
843,19067,IA,4.3,"60,790"
844,19069,IA,3.7,"59,596"
845,19071,IA,2.9,"62,234"
846,19073,IA,3.4,"54,857"
847,19075,IA,3.6,"71,837"
848,19077,IA,4.2,"65,344"
849,19079,IA,4.2,"61,650"
850,19081,IA,3.8,"58,053"
851,19083,IA,4.2,"58,502"
852,19085,IA,3.9,"63,118"
853,19087,IA,4.2,"56,260"
854,19089,IA,3.8,"60,034"
855,19091,IA,3.5,"62,071"
856,19093,IA,3.2,"56,096"
857,19095,IA,3.8,"67,820"
858,19097,IA,5.0,"61,538"
859,19099,IA,4.3,"63,458"
860,19101,IA,4.2,"52,830"
861,19103,IA,3.7,"68,790"
862,19105,IA,4.5,"61,736"
863,19107,IA,4.4,"54,790"
864,19109,IA,3.3,"65,006"
865,19111,IA,5.9,"58,619"
866,19113,IA,5.0,"69,559"
867,19115,IA,4.3,"72,404"
868,19117,IA,3.1,"48,662"
869,19119,IA,2.3,"67,280"
870,19121,IA,4.5,"75,563"
871,19123,IA,3.7,"59,704"
872,19125,IA,3.1,"64,327"
873,19127,IA,6.5,"64,341"
874,19129,IA,3.5,"76,010"
875,19131,IA,3.0,"67,127"
876,19133,IA,4.4,"58,079"
877,19135,IA,4.1,"58,297"
878,19137,IA,4.1,"54,767"
879,19139,IA,4.7,"62,877"
880,19141,IA,3.0,"63,559"
881,19143,IA,2.4,"63,695"
882,19145,IA,4.1,"52,739"
883,19147,IA,3.3,"63,164"
884,19149,IA,3.0,"72,261"
885,19151,IA,3.1,"56,360"
886,19153,IA,4.5,"67,821"
887,19155,IA,4.3,"61,607"
888,19157,IA,4.4,"60,023"
889,19159,IA,3.4,"53,466"
890,19161,IA,3.3,"54,107"
891,19163,IA,5.4,"67,038"
892,19165,IA,3.2,"54,234"
893,19167,IA,2.4,"74,868"
894,19169,IA,3.0,"61,341"
895,19171,IA,4.7,"58,329"
896,19173,IA,3.1,"70,519"
897,19175,IA,4.5,"48,862"
898,19177,IA,3.8,"51,908"
899,19179,IA,5.0,"49,060"
900,19181,IA,3.7,"82,206"
901,19183,IA,3.8,"65,061"
902,19185,IA,3.7,"52,016"
903,19187,IA,4.6,"58,355"
904,19189,IA,4.2,"52,706"
905,19191,IA,4.1,"61,813"
906,19193,IA,4.3,"60,553"
907,19195,IA,4.2,"54,474"
908,19197,IA,4.1,"57,133"
909,20000,KS,3.2,"63,214"
910,20001,KS,3.0,"48,616"
911,20003,KS,2.5,"53,936"
912,20005,KS,3.8,"56,691"
913,20007,KS,1.9,"52,749"
914,20009,KS,2.9,"51,149"
915,20011,KS,3.7,"49,821"
916,20013,KS,2.7,"49,483"
917,20015,KS,3.5,"71,827"
918,20017,KS,2.4,"57,338"
919,20019,KS,4.0,"43,155"
920,20021,KS,2.9,"48,336"
921,20023,KS,1.8,"50,623"
922,20025,KS,1.8,"58,365"
923,20027,KS,2.6,"53,119"
924,20029,KS,2.8,"55,001"
925,20031,KS,3.2,"59,142"
926,20033,KS,2.1,"49,314"
927,20035,KS,3.4,"51,398"
928,20037,KS,3.2,"46,714"
929,20039,KS,2.6,"48,189"
930,20041,KS,3.0,"56,755"
931,20043,KS,2.7,"57,012"
932,20045,KS,3.1,"65,149"
933,20047,KS,2.1,"51,756"
934,20049,KS,2.8,"45,974"
935,20051,KS,1.9,"55,505"
936,20053,KS,2.2,"53,443"
937,20055,KS,2.1,"65,023"
938,20057,KS,2.1,"54,442"
939,20059,KS,3.1,"60,899"
940,20061,KS,4.3,"50,102"
941,20063,KS,1.9,"57,676"
942,20065,KS,2.9,"47,104"
943,20067,KS,3.0,"67,764"
944,20069,KS,1.7,"72,095"
945,20071,KS,1.2,"66,089"
946,20073,KS,2.8,"50,399"
947,20075,KS,1.4,"61,342"
948,20077,KS,2.6,"48,275"
949,20079,KS,2.9,"63,861"
950,20081,KS,1.8,"66,053"
951,20083,KS,1.8,"60,414"
952,20085,KS,2.6,"57,871"
953,20087,KS,3.0,"63,712"
954,20089,KS,2.2,"46,688"
955,20091,KS,2.7,"91,799"
956,20093,KS,1.6,"66,713"
957,20095,KS,3.1,"58,678"
958,20097,KS,2.1,"56,664"
959,20099,KS,3.4,"50,222"
960,20101,KS,2.0,"60,530"
961,20103,KS,3.3,"76,429"
962,20105,KS,2.2,"50,231"
963,20107,KS,4.3,"55,006"
964,20109,KS,1.6,"56,833"
965,20111,KS,2.8,"56,290"
966,20113,KS,2.1,"68,904"
967,20115,KS,2.4,"53,709"
968,20117,KS,1.9,"56,429"
969,20119,KS,2.2,"52,590"
970,20121,KS,2.9,"78,717"
971,20123,KS,2.0,"53,745"
972,20125,KS,3.9,"44,071"
973,20127,KS,2.4,"53,793"
974,20129,KS,2.6,"56,878"
975,20131,KS,1.8,"62,744"
976,20133,KS,4.3,"56,085"
977,20135,KS,2.2,"55,311"
978,20137,KS,1.8,"47,512"
979,20139,KS,3.0,"55,287"
980,20141,KS,1.8,"47,811"
981,20143,KS,2.8,"60,560"
982,20145,KS,2.2,"53,821"
983,20147,KS,2.1,"56,047"
984,20149,KS,2.5,"75,476"
985,20151,KS,2.2,"62,958"
986,20153,KS,1.6,"54,417"
987,20155,KS,3.2,"57,611"
988,20157,KS,2.3,"52,537"
989,20159,KS,2.4,"59,659"
990,20161,KS,2.8,"56,333"
991,20163,KS,2.4,"51,376"
992,20165,KS,2.4,"50,673"
993,20167,KS,2.4,"56,536"
994,20169,KS,3.0,"56,928"
995,20171,KS,1.6,"68,514"
996,20173,KS,4.6,"59,789"
997,20175,KS,2.8,"54,330"
998,20177,KS,3.1,"56,191"
999,20179,KS,1.8,"58,186"
1000,20181,KS,2.5,"52,718"
1001,20183,KS,1.7,"49,114"
1002,20185,KS,2.2,"55,004"
1003,20187,KS,1.9,"68,439"
1004,20189,KS,2.1,"66,592"
1005,20191,KS,4.1,"56,609"
1006,20193,KS,1.8,"65,158"
1007,20195,KS,2.1,"60,246"
1008,20197,KS,2.5,"64,886"
1009,20199,KS,1.7,"57,386"
1010,20201,KS,1.7,"51,751"
1011,20203,KS,2.0,"61,326"
1012,20205,KS,4.0,"50,472"
1013,20207,KS,3.5,"45,357"
1014,20209,KS,4.7,"52,223"
1015,21000,KY,4.7,"54,074"
1016,21001,KY,5.0,"42,429"
1017,21003,KY,4.0,"49,980"
1018,21005,KY,4.0,"65,443"
1019,21007,KY,5.0,"48,623"
1020,21009,KY,5.3,"45,298"
1021,21011,KY,5.8,"41,778"
1022,21013,KY,5.7,"30,202"
1023,21015,KY,3.8,"82,393"
1024,21017,KY,3.9,"52,368"
1025,21019,KY,6.2,"54,694"
1026,21021,KY,5.0,"53,374"
1027,21023,KY,4.7,"55,112"
1028,21025,KY,8.6,"33,852"
1029,21027,KY,5.2,"50,292"
1030,21029,KY,4.6,"71,835"
1031,21031,KY,4.6,"44,933"
1032,21033,KY,4.2,"47,670"
1033,21035,KY,4.5,"47,438"
1034,21037,KY,4.0,"64,151"
1035,21039,KY,3.8,"46,935"
1036,21041,KY,4.1,"52,640"
1037,21043,KY,7.8,"44,720"
1038,21045,KY,4.1,"35,069"
1039,21047,KY,5.8,"46,950"
1040,21049,KY,4.4,"58,340"
1041,21051,KY,6.8,"26,866"
1042,21053,KY,4.4,"37,428"
1043,21055,KY,4.3,"46,844"
1044,21057,KY,3.5,"38,275"
1045,21059,KY,4.3,"54,948"
1046,21061,KY,5.1,"44,459"
1047,21063,KY,8.4,"35,030"
1048,21065,KY,5.2,"39,719"
1049,21067,KY,3.9,"60,215"
1050,21069,KY,4.9,"44,691"
1051,21071,KY,7.1,"35,087"
1052,21073,KY,4.4,"59,911"
1053,21075,KY,5.3,"36,421"
1054,21077,KY,4.3,"55,650"
1055,21079,KY,4.5,"54,951"
1056,21081,KY,4.5,"56,274"
1057,21083,KY,4.4,"44,475"
1058,21085,KY,5.6,"42,297"
1059,21087,KY,3.7,"41,322"
1060,21089,KY,6.8,"55,777"
1061,21091,KY,4.4,"57,111"
1062,21093,KY,4.7,"56,557"
1063,21095,KY,8.6,"30,745"
1064,21097,KY,3.9,"55,934"
1065,21099,KY,4.4,"41,608"
1066,21101,KY,4.5,"54,701"
1067,21103,KY,4.0,"53,170"
1068,21105,KY,4.5,"46,553"
1069,21107,KY,5.1,"47,631"
1070,21109,KY,6.3,"35,889"
1071,21111,KY,4.8,"62,067"
1072,21113,KY,4.0,"67,610"
1073,21115,KY,7.3,"40,455"
1074,21117,KY,4.2,"66,015"
1075,21119,KY,7.2,"33,253"
1076,21121,KY,6.2,"31,568"
1077,21123,KY,4.9,"50,980"
1078,21125,KY,4.5,"50,743"
1079,21127,KY,6.4,"38,213"
1080,21129,KY,5.6,"30,575"
1081,21131,KY,8.1,"39,098"
1082,21133,KY,7.6,"36,259"
1083,21135,KY,7.6,"39,288"
1084,21137,KY,5.6,"43,748"
1085,21139,KY,6.1,"52,994"
1086,21141,KY,3.8,"51,905"
1087,21143,KY,4.5,"51,970"
1088,21145,KY,5.0,"50,650"
1089,21147,KY,5.7,"31,453"
1090,21149,KY,4.3,"48,088"
1091,21151,KY,4.1,"55,336"
1092,21153,KY,12.5,"32,389"
1093,21155,KY,4.4,"57,062"
1094,21157,KY,4.7,"56,286"
1095,21159,KY,9.3,"30,320"
1096,21161,KY,5.5,"49,216"
1097,21163,KY,5.3,"56,845"
1098,21165,KY,6.9,"40,773"
1099,21167,KY,4.6,"53,743"
1100,21169,KY,5.4,"39,993"
1101,21171,KY,4.0,"38,449"
1102,21173,KY,5.3,"51,234"
1103,21175,KY,5.8,"38,274"
1104,21177,KY,6.6,"45,599"
1105,21179,KY,4.3,"68,264"
1106,21181,KY,4.3,"48,290"
1107,21183,KY,5.5,"48,621"
1108,21185,KY,3.6,"105,897"
1109,21187,KY,4.3,"45,177"
1110,21189,KY,7.0,"25,997"
1111,21191,KY,4.1,"60,824"
1112,21193,KY,6.3,"35,555"
1113,21195,KY,6.4,"38,917"
1114,21197,KY,4.8,"40,215"
1115,21199,KY,4.9,"44,717"
1116,21201,KY,4.2,"49,529"
1117,21203,KY,5.0,"42,205"
1118,21205,KY,5.3,"46,535"
1119,21207,KY,5.4,"41,088"
1120,21209,KY,3.7,"70,526"
1121,21211,KY,3.8,"75,600"
1122,21213,KY,4.2,"56,107"
1123,21215,KY,4.2,"83,583"
1124,21217,KY,3.9,"48,384"
1125,21219,KY,3.6,"50,393"
1126,21221,KY,5.1,"50,258"
1127,21223,KY,4.8,"64,971"
1128,21225,KY,4.4,"53,064"
1129,21227,KY,4.3,"56,552"
1130,21229,KY,3.9,"51,897"
1131,21231,KY,5.1,"36,628"
1132,21233,KY,4.5,"52,901"
1133,21235,KY,5.0,"34,559"
1134,21237,KY,5.9,"33,757"
1135,21239,KY,3.4,"69,544"
1136,22000,LA,5.5,"51,730"
1137,22001,LA,4.9,"45,183"
1138,22003,LA,5.5,"49,671"
1139,22005,LA,4.2,"88,680"
1140,22007,LA,7.2,"52,046"
1141,22009,LA,5.2,"40,448"
1142,22011,LA,4.1,"53,708"
1143,22013,LA,5.7,"39,695"
1144,22015,LA,3.9,"53,225"
1145,22017,LA,6.2,"43,216"
1146,22019,LA,5.6,"57,252"
1147,22021,LA,4.6,"42,490"
1148,22023,LA,3.5,"60,887"
1149,22025,LA,5.1,"39,222"
1150,22027,LA,4.9,"37,407"
1151,22029,LA,5.9,"37,546"
1152,22031,LA,4.8,"43,733"
1153,22033,LA,5.3,"57,099"
1154,22035,LA,9.9,"32,813"
1155,22037,LA,4.5,"52,158"
1156,22039,LA,5.4,"38,415"
1157,22041,LA,5.8,"42,706"
1158,22043,LA,4.0,"56,380"
1159,22045,LA,6.9,"50,449"
1160,22047,LA,7.2,"36,990"
1161,22049,LA,3.8,"41,940"
1162,22051,LA,6.0,"58,586"
1163,22053,LA,4.7,"47,924"
1164,22055,LA,4.5,"59,362"
1165,22057,LA,4.6,"56,743"
1166,22059,LA,3.3,"48,306"
1167,22061,LA,4.3,"44,728"
1168,22063,LA,3.8,"61,680"
1169,22065,LA,6.7,"33,841"
1170,22067,LA,7.3,"36,290"
1171,22069,LA,4.7,"44,720"
1172,22071,LA,8.3,"51,704"
1173,22073,LA,5.0,"45,251"
1174,22075,LA,4.3,"55,861"
1175,22077,LA,5.7,"49,583"
1176,22079,LA,4.0,"45,130"
1177,22081,LA,4.3,"42,135"
1178,22083,LA,5.2,"43,794"
1179,22085,LA,3.7,"38,833"
1180,22087,LA,6.8,"50,790"
1181,22089,LA,5.0,"69,889"
1182,22091,LA,9.2,"40,709"
1183,22093,LA,7.4,"58,309"
1184,22095,LA,8.5,"56,697"
1185,22097,LA,6.3,"39,153"
1186,22099,LA,5.6,"48,524"
1187,22101,LA,6.7,"47,236"
1188,22103,LA,3.8,"67,462"
1189,22105,LA,6.4,"47,272"
1190,22107,LA,5.9,"33,294"
1191,22109,LA,5.8,"55,402"
1192,22111,LA,4.8,"42,342"
1193,22113,LA,5.0,"52,709"
1194,22115,LA,4.6,"55,124"
1195,22117,LA,5.9,"38,604"
1196,22119,LA,5.5,"41,747"
1197,22121,LA,4.9,"62,919"
1198,22123,LA,6.3,"38,513"
1199,22125,LA,3.7,"58,499"
1200,22127,LA,4.8,"42,991"
1201,23000,ME,4.6,"59,145"
1202,23001,ME,4.9,"57,723"
1203,23003,ME,5.7,"45,523"
1204,23005,ME,4.0,"75,455"
1205,23007,ME,5.3,"49,317"
1206,23009,ME,5.0,"58,466"
1207,23011,ME,4.3,"53,876"
1208,23013,ME,4.4,"66,058"
1209,23015,ME,4.4,"64,825"
1210,23017,ME,5.6,"47,611"
1211,23019,ME,4.7,"52,079"
1212,23021,ME,5.0,"48,769"
1213,23023,ME,3.7,"68,433"
1214,23025,ME,6.3,"43,694"
1215,23027,ME,4.7,"56,085"
1216,23029,ME,6.5,"48,582"
1217,23031,ME,4.5,"67,965"
1218,24000,MD,5.8,"88,589"
1219,24001,MD,6.4,"53,023"
1220,24003,MD,4.7,"105,979"
1221,24005,MD,5.7,"79,974"
1222,24009,MD,4.6,"111,665"
1223,24011,MD,4.7,"60,617"
1224,24013,MD,4.2,"104,817"
1225,24015,MD,5.2,"84,248"
1226,24017,MD,5.7,"102,681"
1227,24019,MD,5.6,"54,846"
1228,24021,MD,4.8,"99,254"
1229,24023,MD,5.2,"56,929"
1230,24025,MD,4.8,"102,537"
1231,24027,MD,4.3,"124,042"
1232,24029,MD,5.5,"64,437"
1233,24031,MD,5.5,"115,394"
1234,24033,MD,7.5,"85,246"
1235,24035,MD,4.4,"93,427"
1236,24037,MD,4.5,"105,197"
1237,24039,MD,7.6,"51,787"
1238,24041,MD,5.3,"69,311"
1239,24043,MD,5.4,"63,237"
1240,24045,MD,6.1,"59,387"
1241,24047,MD,8.2,"62,481"
1242,24510,MD,7.6,"51,485"
1243,25000,MA,5.7,"87,288"
1244,25001,MA,6.7,"76,287"
1245,25003,MA,6.7,"65,458"
1246,25005,MA,6.5,"71,998"
1247,25007,MA,6.5,"80,459"
1248,25009,MA,6.4,"88,269"
1249,25011,MA,5.0,"62,920"
1250,25013,MA,7.6,"61,600"
1251,25015,MA,4.7,"73,864"
1252,25017,MA,4.6,"111,158"
1253,25019,MA,7.7,"95,713"
1254,25021,MA,5.1,"106,348"
1255,25023,MA,6.1,"88,420"
1256,25025,MA,6.0,"85,221"
1257,25027,MA,5.9,"77,931"
1258,26000,MI,5.9,"61,352"
1259,26001,MI,7.1,"45,573"
1260,26003,MI,8.0,"51,126"
1261,26005,MI,4.7,"63,732"
1262,26007,MI,5.5,"40,442"
1263,26009,MI,7.0,"58,738"
1264,26011,MI,8.3,"50,286"
1265,26013,MI,7.9,"48,846"
1266,26015,MI,4.6,"68,693"
1267,26017,MI,6.1,"55,860"
1268,26019,MI,6.0,"64,526"
1269,26021,MI,5.8,"56,346"
1270,26023,MI,5.0,"51,757"
1271,26025,MI,6.6,"52,310"
1272,26027,MI,5.1,"61,180"
1273,26029,MI,6.0,"66,728"
1274,26031,MI,8.3,"50,788"
1275,26033,MI,6.5,"52,579"
1276,26035,MI,8.0,"43,726"
1277,26037,MI,4.4,"76,367"
1278,26039,MI,7.1,"49,625"
1279,26041,MI,6.2,"49,414"
1280,26043,MI,4.8,"59,408"
1281,26045,MI,5.3,"67,658"
1282,26047,MI,6.4,"60,401"
1283,26049,MI,7.6,"48,721"
1284,26051,MI,7.1,"48,694"
1285,26053,MI,5.5,"48,975"
1286,26055,MI,5.0,"67,290"
1287,26057,MI,5.6,"54,161"
1288,26059,MI,5.5,"54,974"
1289,26061,MI,5.0,"47,399"
1290,26063,MI,5.4,"53,616"
1291,26065,MI,5.6,"62,711"
1292,26067,MI,4.8,"58,371"
1293,26069,MI,7.2,"43,450"
1294,26071,MI,6.1,"45,098"
1295,26073,MI,5.3,"53,607"
1296,26075,MI,5.7,"57,267"
1297,26077,MI,5.0,"63,279"
1298,26079,MI,7.3,"52,903"
1299,26081,MI,4.7,"65,012"
1300,26083,MI,6.7,"49,890"
1301,26085,MI,8.2,"39,971"
1302,26087,MI,6.1,"68,959"
1303,26089,MI,5.2,"77,687"
1304,26091,MI,5.5,"58,849"
1305,26093,MI,4.2,"87,686"
1306,26095,MI,7.1,"48,764"
1307,26097,MI,8.6,"48,480"
1308,26099,MI,5.9,"64,870"
1309,26101,MI,7.3,"53,488"
1310,26103,MI,5.4,"52,793"
1311,26105,MI,6.4,"52,571"
1312,26107,MI,6.4,"52,949"
1313,26109,MI,4.5,"53,031"
1314,26111,MI,4.9,"65,249"
1315,26113,MI,5.6,"51,030"
1316,26115,MI,6.0,"69,182"
1317,26117,MI,5.6,"52,589"
1318,26119,MI,9.4,"43,350"
1319,26121,MI,7.5,"58,445"
1320,26123,MI,5.6,"51,122"
1321,26125,MI,4.7,"82,849"
1322,26127,MI,7.4,"52,388"
1323,26129,MI,7.8,"46,144"
1324,26131,MI,7.6,"43,309"
1325,26133,MI,5.5,"51,474"
1326,26135,MI,9.1,"43,683"
1327,26137,MI,6.8,"61,330"
1328,26139,MI,4.1,"77,465"
1329,26141,MI,7.9,"49,713"
1330,26143,MI,9.6,"43,551"
1331,26145,MI,7.1,"51,893"
1332,26147,MI,5.9,"59,138"
1333,26149,MI,5.1,"54,896"
1334,26151,MI,6.1,"51,171"
1335,26153,MI,8.0,"49,684"
1336,26155,MI,5.7,"59,733"
1337,26157,MI,6.3,"51,940"
1338,26159,MI,6.1,"56,526"
1339,26161,MI,4.3,"77,019"
1340,26163,MI,8.0,"51,777"
1341,26165,MI,6.0,"56,550"
1342,27000,MN,3.4,"75,489"
1343,27001,MN,4.7,"49,822"
1344,27003,MN,3.4,"84,779"
1345,27005,MN,3.4,"60,159"
1346,27007,MN,3.7,"58,138"
1347,27009,MN,4.3,"70,143"
1348,27011,MN,3.5,"54,796"
1349,27013,MN,3.1,"67,193"
1350,27015,MN,3.1,"61,978"
1351,27017,MN,4.0,"67,695"
1352,27019,MN,2.7,"107,932"
1353,27021,MN,4.4,"52,271"
1354,27023,MN,3.0,"63,406"
1355,27025,MN,3.7,"85,178"
1356,27027,MN,2.7,"74,266"
1357,27029,MN,5.8,"51,147"
1358,27031,MN,4.5,"58,561"
1359,27033,MN,3.4,"53,525"
1360,27035,MN,4.0,"58,213"
1361,27037,MN,3.1,"90,562"
1362,27039,MN,3.1,"77,340"
1363,27041,MN,2.8,"69,848"
1364,27043,MN,3.8,"55,599"
1365,27045,MN,3.0,"66,204"
1366,27047,MN,3.5,"62,233"
1367,27049,MN,3.2,"73,474"
1368,27051,MN,3.7,"66,740"
1369,27053,MN,3.4,"81,772"
1370,27055,MN,2.9,"61,117"
1371,27057,MN,4.1,"62,750"
1372,27059,MN,4.1,"73,401"
1373,27061,MN,4.7,"59,365"
1374,27063,MN,3.1,"62,766"
1375,27065,MN,5.3,"62,422"
1376,27067,MN,3.6,"65,344"
1377,27069,MN,2.9,"51,016"
1378,27071,MN,4.4,"56,870"
1379,27073,MN,2.8,"65,446"
1380,27075,MN,3.6,"63,741"
1381,27077,MN,3.7,"57,302"
1382,27079,MN,4.1,"78,559"
1383,27081,MN,3.3,"57,252"
1384,27083,MN,2.7,"63,255"
1385,27085,MN,3.4,"76,095"
1386,27087,MN,5.9,"48,951"
1387,27089,MN,4.2,"62,240"
1388,27091,MN,3.2,"58,578"
1389,27093,MN,3.4,"66,861"
1390,27095,MN,5.2,"55,547"
1391,27097,MN,4.4,"62,618"
1392,27099,MN,3.1,"61,565"
1393,27101,MN,3.8,"63,414"
1394,27103,MN,2.8,"75,827"
1395,27105,MN,2.9,"63,011"
1396,27107,MN,3.9,"50,573"
1397,27109,MN,2.8,"82,683"
1398,27111,MN,3.4,"67,329"
1399,27113,MN,3.7,"64,240"
1400,27115,MN,5.0,"58,733"
1401,27117,MN,2.9,"58,662"
1402,27119,MN,3.8,"60,068"
1403,27121,MN,2.8,"64,306"
1404,27123,MN,3.8,"66,123"
1405,27125,MN,4.0,"68,683"
1406,27127,MN,3.4,"61,316"
1407,27129,MN,3.9,"56,296"
1408,27131,MN,3.2,"74,301"
1409,27133,MN,1.9,"64,588"
1410,27135,MN,2.9,"61,775"
1411,27137,MN,3.8,"57,972"
1412,27139,MN,3.0,"99,924"
1413,27141,MN,3.5,"92,673"
1414,27143,MN,3.6,"61,225"
1415,27145,MN,3.6,"66,317"
1416,27147,MN,3.3,"70,532"
1417,27149,MN,2.4,"68,234"
1418,27151,MN,3.7,"59,165"
1419,27153,MN,3.7,"52,842"
1420,27155,MN,3.1,"56,085"
1421,27157,MN,3.0,"74,348"
1422,27159,MN,4.5,"46,968"
1423,27161,MN,3.9,"66,523"
1424,27163,MN,2.9,"101,409"
1425,27165,MN,3.0,"60,656"
1426,27167,MN,2.8,"65,769"
1427,27169,MN,2.9,"65,302"
1428,27171,MN,3.1,"85,855"
1429,27173,MN,3.0,"62,290"
1430,28000,MS,5.6,"47,368"
1431,28001,MS,8.2,"36,519"
1432,28003,MS,4.8,"46,368"
1433,28005,MS,7.3,"42,649"
1434,28007,MS,6.0,"40,985"
1435,28009,MS,6.4,"38,972"
1436,28011,MS,6.9,"36,034"
1437,28013,MS,5.2,"42,107"
1438,28015,MS,5.8,"46,814"
1439,28017,MS,6.3,"40,471"
1440,28019,MS,4.8,"43,449"
1441,28021,MS,11.7,"34,551"
1442,28023,MS,6.3,"38,314"
1443,28025,MS,7.2,"36,536"
1444,28027,MS,8.8,"30,047"
1445,28029,MS,6.5,"41,476"
1446,28031,MS,5.1,"42,221"
1447,28033,MS,4.4,"66,532"
1448,28035,MS,5.7,"42,082"
1449,28037,MS,6.8,"41,548"
1450,28039,MS,7.0,"49,995"
1451,28041,MS,7.6,"46,493"
1452,28043,MS,5.0,"42,577"
1453,28045,MS,5.8,"55,710"
1454,28047,MS,5.5,"47,505"
1455,28049,MS,6.2,"44,671"
1456,28051,MS,11.0,"30,003"
1457,28053,MS,12.7,"30,474"
1458,28055,MS,9.3,"32,675"
1459,28057,MS,4.3,"48,097"
1460,28059,MS,6.0,"55,831"
1461,28061,MS,7.3,"42,806"
1462,28063,MS,16.6,"32,683"
1463,28065,MS,7.7,"35,567"
1464,28067,MS,5.7,"49,115"
1465,28069,MS,7.4,"37,305"
1466,28071,MS,4.1,"55,786"
1467,28073,MS,4.1,"62,527"
1468,28075,MS,5.4,"44,821"
1469,28077,MS,6.9,"36,272"
1470,28079,MS,5.6,"43,614"
1471,28081,MS,4.6,"57,936"
1472,28083,MS,8.1,"34,818"
1473,28085,MS,5.0,"44,695"
1474,28087,MS,5.9,"47,860"
1475,28089,MS,4.3,"67,151"
1476,28091,MS,5.3,"38,727"
1477,28093,MS,5.8,"46,117"
1478,28095,MS,5.2,"49,114"
1479,28097,MS,6.1,"40,300"
1480,28099,MS,5.6,"49,215"
1481,28101,MS,5.4,"49,925"
1482,28103,MS,8.9,"35,880"
1483,28105,MS,5.5,"44,234"
1484,28107,MS,7.1,"41,060"
1485,28109,MS,5.6,"50,611"
1486,28111,MS,6.5,"47,073"
1487,28113,MS,7.1,"37,054"
1488,28115,MS,4.4,"53,272"
1489,28117,MS,4.4,"44,543"
1490,28119,MS,8.5,"31,077"
1491,28121,MS,3.6,"68,583"
1492,28123,MS,4.7,"42,069"
1493,28125,MS,9.4,"46,163"
1494,28127,MS,5.2,"41,988"
1495,28129,MS,4.5,"48,968"
1496,28131,MS,5.4,"51,493"
1497,28133,MS,9.1,"35,149"
1498,28135,MS,6.1,"35,150"
1499,28137,MS,5.6,"61,751"
1500,28139,MS,4.6,"45,568"
1501,28141,MS,4.6,"48,897"
1502,28143,MS,8.9,"36,850"
1503,28145,MS,4.1,"50,116"
1504,28147,MS,6.9,"30,992"
1505,28149,MS,6.2,"48,283"
1506,28151,MS,8.2,"35,344"
1507,28153,MS,6.7,"36,193"
1508,28155,MS,5.4,"51,351"
1509,28157,MS,11.1,"35,394"
1510,28159,MS,6.2,"44,029"
1511,28161,MS,5.5,"42,532"
1512,28163,MS,7.3,"37,367"
1513,29000,MO,4.4,"58,812"
1514,29001,MO,4.3,"49,175"
1515,29003,MO,3.0,"69,387"
1516,29005,MO,3.2,"53,603"
1517,29007,MO,3.7,"48,258"
1518,29009,MO,4.6,"47,853"
1519,29011,MO,3.4,"46,353"
1520,29013,MO,4.3,"52,140"
1521,29015,MO,5.7,"44,141"
1522,29017,MO,4.2,"48,198"
1523,29019,MO,3.0,"62,673"
1524,29021,MO,3.8,"53,133"
1525,29023,MO,4.7,"42,099"
1526,29025,MO,5.1,"47,870"
1527,29027,MO,3.4,"61,268"
1528,29029,MO,5.0,"64,357"
1529,29031,MO,3.6,"57,763"
1530,29033,MO,4.4,"51,891"
1531,29035,MO,5.2,"38,854"
1532,29037,MO,3.9,"82,068"
1533,29039,MO,3.7,"40,130"
1534,29041,MO,3.3,"60,521"
1535,29043,MO,3.2,"67,585"
1536,29045,MO,4.6,"47,750"
1537,29047,MO,4.9,"74,950"
1538,29049,MO,5.3,"66,492"
1539,29051,MO,3.1,"63,486"
1540,29053,MO,3.6,"51,221"
1541,29055,MO,4.5,"43,785"
1542,29057,MO,3.3,"46,535"
1543,29059,MO,4.3,"43,482"
1544,29061,MO,3.8,"49,830"
1545,29063,MO,3.8,"52,868"
1546,29065,MO,4.3,"44,057"
1547,29067,MO,4.3,"46,079"
1548,29069,MO,6.1,"42,512"
1549,29071,MO,4.0,"62,781"
1550,29073,MO,3.6,"54,487"
1551,29075,MO,2.7,"48,338"
1552,29077,MO,3.4,"46,934"
1553,29079,MO,3.6,"45,363"
1554,29081,MO,3.5,"43,642"
1555,29083,MO,4.0,"53,544"
1556,29085,MO,4.0,"36,049"
1557,29087,MO,2.9,"49,531"
1558,29089,MO,3.2,"53,190"
1559,29091,MO,4.8,"45,808"
1560,29093,MO,5.8,"41,744"
1561,29095,MO,5.5,"56,398"
1562,29097,MO,3.7,"51,329"
1563,29099,MO,4.1,"67,191"
1564,29101,MO,4.4,"58,373"
1565,29103,MO,3.1,"41,838"
1566,29105,MO,4.3,"46,191"
1567,29107,MO,4.3,"62,043"
1568,29109,MO,4.0,"48,101"
1569,29111,MO,3.5,"42,710"
1570,29113,MO,4.6,"70,054"
1571,29115,MO,5.4,"47,506"
1572,29117,MO,3.0,"51,402"
1573,29119,MO,3.9,"45,446"
1574,29121,MO,3.7,"49,013"
1575,29123,MO,4.4,"45,002"
1576,29125,MO,3.8,"47,698"
1577,29127,MO,3.5,"54,230"
1578,29129,MO,2.9,"45,934"
1579,29131,MO,4.1,"51,348"
1580,29133,MO,4.7,"39,621"
1581,29135,MO,3.4,"51,138"
1582,29137,MO,4.4,"48,661"
1583,29139,MO,3.7,"56,447"
1584,29141,MO,4.7,"51,582"
1585,29143,MO,4.8,"41,553"
1586,29145,MO,3.8,"52,798"
1587,29147,MO,2.9,"55,821"
1588,29149,MO,5.3,"37,835"
1589,29151,MO,2.6,"62,679"
1590,29153,MO,5.5,"38,606"
1591,29155,MO,7.3,"34,498"
1592,29157,MO,3.2,"55,605"
1593,29159,MO,4.7,"52,261"
1594,29161,MO,3.7,"50,420"
1595,29163,MO,3.9,"51,255"
1596,29165,MO,4.0,"86,924"
1597,29167,MO,3.5,"50,691"
1598,29169,MO,4.4,"59,126"
1599,29171,MO,3.1,"46,546"
1600,29173,MO,3.4,"57,061"
1601,29175,MO,4.2,"51,924"
1602,29177,MO,6.5,"64,014"
1603,29179,MO,4.1,"39,089"
1604,29181,MO,5.5,"37,771"
1605,29183,MO,3.5,"90,567"
1606,29185,MO,4.5,"41,486"
1607,29186,MO,3.4,"58,618"
1608,29187,MO,4.8,"48,476"
1609,29189,MO,4.5,"68,964"
1610,29195,MO,3.5,"52,850"
1611,29197,MO,4.3,"46,191"
1612,29199,MO,2.6,"47,740"
1613,29201,MO,3.9,"52,864"
1614,29203,MO,5.6,"37,599"
1615,29205,MO,3.3,"48,430"
1616,29207,MO,4.5,"47,372"
1617,29209,MO,6.6,"51,797"
1618,29211,MO,4.9,"43,387"
1619,29213,MO,7.5,"44,670"
1620,29215,MO,4.6,"38,985"
1621,29217,MO,3.4,"45,874"
1622,29219,MO,4.1,"69,678"
1623,29221,MO,5.1,"42,683"
1624,29223,MO,5.0,"43,848"
1625,29225,MO,3.4,"55,431"
1626,29227,MO,2.5,"44,361"
1627,29229,MO,4.0,"39,521"
1628,29510,MO,6.4,"45,773"
1629,30000,MT,3.4,"57,730"
1630,30001,MT,2.8,"52,613"
1631,30003,MT,7.8,"42,823"
1632,30005,MT,3.8,"45,936"
1633,30007,MT,4.0,"61,641"
1634,30009,MT,3.4,"62,465"
1635,30011,MT,2.6,"48,286"
1636,30013,MT,3.3,"53,357"
1637,30015,MT,2.7,"50,607"
1638,30017,MT,3.1,"59,804"
1639,30019,MT,1.9,"50,312"
1640,30021,MT,3.1,"55,845"
1641,30023,MT,3.3,"47,362"
1642,30025,MT,2.6,"62,597"
1643,30027,MT,3.3,"49,576"
1644,30029,MT,4.0,"58,959"
1645,30031,MT,2.4,"70,029"
1646,30033,MT,2.6,"45,892"
1647,30035,MT,7.0,"40,817"
1648,30037,MT,3.5,"42,741"
1649,30039,MT,4.4,"53,407"
1650,30041,MT,3.1,"49,734"
1651,30043,MT,3.2,"80,071"
1652,30045,MT,2.7,"50,610"
1653,30047,MT,3.8,"52,493"
1654,30049,MT,3.0,"60,664"
1655,30051,MT,2.4,"53,415"
1656,30053,MT,6.0,"42,501"
1657,30055,MT,1.8,"46,755"
1658,30057,MT,3.2,"58,201"
1659,30059,MT,2.5,"43,666"
1660,30061,MT,5.3,"57,169"
1661,30063,MT,3.4,"63,409"
1662,30065,MT,4.2,"50,533"
1663,30067,MT,3.5,"56,657"
1664,30069,MT,2.6,"38,661"
1665,30071,MT,3.8,"46,821"
1666,30073,MT,3.2,"49,447"
1667,30075,MT,2.7,"60,462"
1668,30077,MT,2.6,"52,904"
1669,30079,MT,3.6,"48,577"
1670,30081,MT,3.6,"58,781"
1671,30083,MT,4.0,"69,169"
1672,30085,MT,4.2,"43,256"
1673,30087,MT,4.0,"54,991"
1674,30089,MT,4.8,"45,805"
1675,30091,MT,3.3,"50,658"
1676,30093,MT,3.6,"54,324"
1677,30095,MT,2.9,"73,044"
1678,30097,MT,2.4,"58,746"
1679,30099,MT,3.1,"55,399"
1680,30101,MT,2.6,"49,568"
1681,30103,MT,3.2,"56,919"
1682,30105,MT,3.1,"46,766"
1683,30107,MT,5.3,"39,462"
1684,30109,MT,3.8,"51,368"
1685,30111,MT,3.2,"58,374"
1686,31000,NE,2.5,"64,735"
1687,31001,NE,2.4,"54,445"
1688,31003,NE,1.7,"54,136"
1689,31005,NE,2.6,"52,500"
1690,31007,NE,2.1,"59,511"
1691,31009,NE,2.4,"52,780"
1692,31011,NE,1.6,"56,719"
1693,31013,NE,2.4,"62,621"
1694,31015,NE,2.0,"51,082"
1695,31017,NE,2.3,"52,962"
1696,31019,NE,2.0,"68,925"
1697,31021,NE,2.4,"51,488"
1698,31023,NE,2.2,"63,640"
1699,31025,NE,2.7,"70,106"
1700,31027,NE,1.8,"61,673"
1701,31029,NE,1.6,"61,282"
1702,31031,NE,1.6,"53,483"
1703,31033,NE,2.8,"55,172"
1704,31035,NE,2.3,"63,427"
1705,31037,NE,1.9,"63,424"
1706,31039,NE,1.7,"54,725"
1707,31041,NE,1.6,"57,873"
1708,31043,NE,3.0,"61,220"
1709,31045,NE,1.9,"52,637"
1710,31047,NE,2.1,"61,043"
1711,31049,NE,2.1,"51,261"
1712,31051,NE,2.1,"60,437"
1713,31053,NE,2.4,"62,491"
1714,31055,NE,3.0,"65,788"
1715,31057,NE,1.6,"50,299"
1716,31059,NE,1.9,"59,309"
1717,31061,NE,2.2,"49,104"
1718,31063,NE,1.7,"59,061"
1719,31065,NE,1.9,"50,762"
1720,31067,NE,2.4,"61,283"
1721,31069,NE,2.1,"41,221"
1722,31071,NE,2.0,"49,951"
1723,31073,NE,1.7,"62,698"
1724,31075,NE,1.4,"62,487"
1725,31077,NE,1.9,"50,068"
1726,31079,NE,2.9,"54,110"
1727,31081,NE,2.1,"73,759"
1728,31083,NE,1.9,"55,010"
1729,31085,NE,1.3,"54,280"
1730,31087,NE,2.3,"48,475"
1731,31089,NE,1.7,"56,777"
1732,31091,NE,1.6,"53,234"
1733,31093,NE,2.2,"54,291"
1734,31095,NE,1.8,"55,414"
1735,31097,NE,2.9,"55,062"
1736,31099,NE,1.8,"62,260"
1737,31101,NE,2.0,"57,307"
1738,31103,NE,1.7,"47,053"
1739,31105,NE,2.2,"46,782"
1740,31107,NE,2.0,"51,296"
1741,31109,NE,2.4,"65,819"
1742,31111,NE,2.2,"62,948"
1743,31113,NE,1.7,"56,283"
1744,31115,NE,2.0,"56,291"
1745,31117,NE,1.6,"54,876"
1746,31119,NE,2.4,"56,970"
1747,31121,NE,2.3,"58,437"
1748,31123,NE,2.5,"54,879"
1749,31125,NE,1.9,"52,534"
1750,31127,NE,2.2,"55,574"
1751,31129,NE,1.8,"60,636"
1752,31131,NE,2.3,"68,443"
1753,31133,NE,1.8,"49,089"
1754,31135,NE,1.4,"58,925"
1755,31137,NE,1.7,"61,442"
1756,31139,NE,2.1,"56,484"
1757,31141,NE,2.1,"62,776"
1758,31143,NE,1.9,"59,159"
1759,31145,NE,2.0,"55,657"
1760,31147,NE,2.4,"51,874"
1761,31149,NE,1.3,"48,461"
1762,31151,NE,2.3,"63,655"
1763,31153,NE,2.4,"83,104"
1764,31155,NE,2.2,"72,526"
1765,31157,NE,2.8,"53,956"
1766,31159,NE,2.5,"72,456"
1767,31161,NE,1.8,"52,051"
1768,31163,NE,2.1,"49,684"
1769,31165,NE,1.8,"51,831"
1770,31167,NE,2.1,"64,087"
1771,31169,NE,1.7,"55,775"
1772,31171,NE,2.6,"55,599"
1773,31173,NE,3.3,"49,148"
1774,31175,NE,2.1,"55,542"
1775,31177,NE,2.3,"78,844"
1776,31179,NE,1.9,"64,569"
1777,31181,NE,2.0,"52,115"
1778,31183,NE,1.2,"52,154"
1779,31185,NE,1.9,"63,249"
1780,32000,NV,7.2,"64,608"
1781,32001,NV,3.5,"61,650"
1782,32003,NV,8.3,"62,496"
1783,32005,NV,4.5,"84,317"
1784,32007,NV,3.3,"73,914"
1785,32009,NV,3.8,"35,395"
1786,32011,NV,2.6,"68,806"
1787,32013,NV,3.4,"72,907"
1788,32015,NV,3.6,"80,894"
1789,32017,NV,3.4,"60,180"
1790,32019,NV,5.2,"63,162"
1791,32021,NV,3.8,"50,069"
1792,32023,NV,6.1,"52,783"
1793,32027,NV,3.6,"65,000"
1794,32029,NV,4.6,"73,271"
1795,32031,NV,4.3,"75,232"
1796,32033,NV,3.0,"57,923"
1797,32510,NV,4.8,"58,382"
1798,33000,NH,3.5,"81,415"
1799,33001,NH,3.7,"76,105"
1800,33003,NH,3.8,"73,073"
1801,33005,NH,3.9,"66,398"
1802,33007,NH,4.4,"49,465"
1803,33009,NH,3.3,"77,022"
1804,33011,NH,3.6,"79,222"
1805,33013,NH,3.2,"81,132"
1806,33015,NH,3.5,"96,775"
1807,33017,NH,3.3,"72,817"
1808,33019,NH,3.3,"65,881"
1809,34000,NJ,6.3,"87,095"
1810,34001,NJ,9.5,"61,377"
1811,34003,NJ,6.0,"107,114"
1812,34005,NJ,5.3,"92,471"
1813,34007,NJ,6.8,"71,718"
1814,34009,NJ,8.9,"75,829"
1815,34011,NJ,7.7,"60,352"
1816,34013,NJ,8.0,"65,528"
1817,34015,NJ,6.0,"87,220"
1818,34017,NJ,6.8,"77,323"
1819,34019,NJ,4.6,"113,611"
1820,34021,NJ,5.2,"87,581"
1821,34023,NJ,5.7,"95,610"
1822,34025,NJ,5.5,"104,219"
1823,34027,NJ,5.0,"114,103"
1824,34029,NJ,6.0,"78,181"
1825,34031,NJ,8.4,"64,422"
1826,34033,NJ,7.3,"65,563"
1827,34035,NJ,5.1,"115,573"
1828,34037,NJ,5.9,"92,739"
1829,34039,NJ,6.7,"83,189"
1830,34041,NJ,5.5,"80,412"
1831,35000,NM,6.8,"52,285"
1832,35001,NM,6.2,"56,632"
1833,35003,NM,6.2,"27,423"
1834,35005,NM,7.1,"51,441"
1835,35006,NM,9.3,"42,705"
1836,35007,NM,5.9,"43,265"
1837,35009,NM,4.9,"53,864"
1838,35011,NM,5.1,"42,319"
1839,35013,NM,6.6,"46,547"
1840,35015,NM,6.4,"66,199"
1841,35017,NM,7.3,"43,557"
1842,35019,NM,7.0,"38,903"
1843,35021,NM,4.6,"39,913"
1844,35023,NM,5.4,"41,858"
1845,35025,NM,9.6,"66,780"
1846,35027,NM,7.5,"49,115"
1847,35028,NM,3.0,"111,724"
1848,35029,NM,15.2,"39,233"
1849,35031,NM,9.6,"35,659"
1850,35033,NM,6.2,"40,618"
1851,35035,NM,6.6,"46,735"
1852,35037,NM,7.1,"38,389"
1853,35039,NM,7.0,"47,400"
1854,35041,NM,5.6,"46,351"
1855,35043,NM,6.6,"71,991"
1856,35045,NM,8.0,"44,261"
1857,35047,NM,7.3,"40,804"
1858,35049,NM,6.2,"58,898"
1859,35051,NM,8.1,"36,823"
1860,35053,NM,6.3,"39,478"
1861,35055,NM,8.9,"43,230"
1862,35057,NM,7.9,"47,266"
1863,35059,NM,4.2,"42,676"
1864,35061,NM,6.9,"51,564"
1865,36000,NY,6.9,"73,354"
1866,36001,NY,4.4,"70,629"
1867,36003,NY,5.0,"53,371"
1868,36005,NY,13.6,"44,906"
1869,36007,NY,5.2,"52,510"
1870,36009,NY,5.3,"51,824"
1871,36011,NY,4.7,"59,335"
1872,36013,NY,5.6,"50,062"
1873,36015,NY,5.3,"54,705"
1874,36017,NY,4.4,"52,545"
1875,36019,NY,4.6,"59,741"
1876,36021,NY,3.8,"66,068"
1877,36023,NY,5.1,"60,165"
1878,36025,NY,4.6,"54,440"
1879,36027,NY,4.4,"79,276"
1880,36029,NY,5.5,"59,584"
1881,36031,NY,4.7,"57,129"
1882,36033,NY,4.7,"58,709"
1883,36035,NY,5.5,"55,405"
1884,36037,NY,4.3,"62,641"
1885,36039,NY,4.9,"60,163"
1886,36041,NY,4.4,"56,253"
1887,36043,NY,5.8,"59,893"
1888,36045,NY,5.0,"57,570"
1889,36047,NY,10.1,"70,390"
1890,36049,NY,5.0,"57,897"
1891,36051,NY,4.3,"60,947"
1892,36053,NY,4.5,"64,379"
1893,36055,NY,5.2,"61,358"
1894,36057,NY,5.7,"52,482"
1895,36059,NY,4.5,"122,730"
1896,36061,NY,7.6,"87,745"
1897,36063,NY,5.7,"54,963"
1898,36065,NY,5.1,"58,696"
1899,36067,NY,4.9,"63,963"
1900,36069,NY,4.3,"62,777"
1901,36071,NY,4.7,"78,724"
1902,36073,NY,5.2,"57,318"
1903,36075,NY,5.5,"58,439"
1904,36077,NY,4.4,"58,417"
1905,36079,NY,4.2,"104,285"
1906,36081,NY,9.6,"78,847"
1907,36083,NY,4.4,"71,457"
1908,36085,NY,8.7,"81,003"
1909,36087,NY,4.4,"94,874"
1910,36089,NY,5.1,"51,526"
1911,36091,NY,3.8,"83,427"
1912,36093,NY,4.9,"66,292"
1913,36095,NY,4.5,"59,744"
1914,36097,NY,4.9,"54,269"
1915,36099,NY,4.7,"56,929"
1916,36101,NY,5.0,"54,794"
1917,36103,NY,4.6,"109,084"
1918,36105,NY,4.9,"63,915"
1919,36107,NY,4.4,"62,400"
1920,36109,NY,3.7,"65,308"
1921,36111,NY,4.7,"66,060"
1922,36113,NY,4.9,"67,359"
1923,36115,NY,4.6,"60,973"
1924,36117,NY,4.5,"62,329"
1925,36119,NY,4.8,"103,340"
1926,36121,NY,4.5,"59,612"
1927,36123,NY,3.8,"57,057"
1928,37000,NC,4.8,"59,616"
1929,37001,NC,4.8,"53,220"
1930,37003,NC,4.2,"53,523"
1931,37005,NC,4.6,"39,916"
1932,37007,NC,6.3,"40,818"
1933,37009,NC,4.0,"44,543"
1934,37011,NC,3.9,"50,800"
1935,37013,NC,4.8,"50,253"
1936,37015,NC,5.9,"41,889"
1937,37017,NC,5.8,"43,664"
1938,37019,NC,6.0,"64,371"
1939,37021,NC,4.2,"66,156"
1940,37023,NC,4.5,"48,729"
1941,37025,NC,4.4,"79,736"
1942,37027,NC,4.9,"50,235"
1943,37029,NC,3.9,"72,135"
1944,37031,NC,4.1,"63,475"
1945,37033,NC,5.3,"48,070"
1946,37035,NC,4.7,"52,737"
1947,37037,NC,3.6,"74,747"
1948,37039,NC,5.0,"44,449"
1949,37041,NC,4.9,"45,365"
1950,37043,NC,4.9,"44,052"
1951,37045,NC,5.3,"49,041"
1952,37047,NC,6.3,"40,712"
1953,37049,NC,4.7,"53,960"
1954,37051,NC,6.9,"49,160"
1955,37053,NC,4.1,"73,433"
1956,37055,NC,6.0,"72,962"
1957,37057,NC,4.5,"56,067"
1958,37059,NC,4.3,"65,418"
1959,37061,NC,4.4,"49,755"
1960,37063,NC,4.1,"65,619"
1961,37065,NC,8.5,"45,156"
1962,37067,NC,4.9,"56,158"
1963,37069,NC,4.7,"54,868"
1964,37071,NC,5.2,"60,622"
1965,37073,NC,4.3,"57,680"
1966,37075,NC,6.9,"42,057"
1967,37077,NC,4.0,"53,112"
1968,37079,NC,4.1,"47,605"
1969,37081,NC,5.6,"55,577"
1970,37083,NC,7.5,"41,098"
1971,37085,NC,5.3,"55,586"
1972,37087,NC,4.2,"50,492"
1973,37089,NC,4.1,"60,550"
1974,37091,NC,6.5,"46,632"
1975,37093,NC,6.4,"53,728"
1976,37095,NC,6.5,"45,548"
1977,37097,NC,4.6,"61,892"
1978,37099,NC,4.5,"49,488"
1979,37101,NC,4.2,"63,882"
1980,37103,NC,4.2,"44,972"
1981,37105,NC,5.4,"57,025"
1982,37107,NC,5.0,"40,586"
1983,37109,NC,4.1,"56,183"
1984,37111,NC,4.5,"47,579"
1985,37113,NC,4.2,"51,973"
1986,37115,NC,4.3,"49,373"
1987,37117,NC,5.5,"42,264"
1988,37119,NC,4.9,"72,340"
1989,37121,NC,5.1,"49,236"
1990,37123,NC,4.7,"48,522"
1991,37125,NC,4.6,"69,413"
1992,37127,NC,6.3,"49,883"
1993,37129,NC,4.2,"65,615"
1994,37131,NC,6.2,"41,630"
1995,37133,NC,5.1,"52,885"
1996,37135,NC,3.5,"82,732"
1997,37137,NC,4.3,"50,481"
1998,37139,NC,5.4,"56,654"
1999,37141,NC,4.2,"59,812"
2000,37143,NC,5.3,"50,813"
2001,37145,NC,5.0,"58,991"
2002,37147,NC,5.0,"49,955"
2003,37149,NC,4.7,"58,607"
2004,37151,NC,4.7,"48,849"
2005,37153,NC,7.3,"42,335"
2006,37155,NC,7.6,"39,139"
2007,37157,NC,5.5,"50,388"
2008,37159,NC,5.0,"55,398"
2009,37161,NC,6.5,"44,004"
2010,37163,NC,4.5,"45,387"
2011,37165,NC,9.5,"33,531"
2012,37167,NC,4.4,"53,769"
2013,37169,NC,4.2,"59,068"
2014,37171,NC,4.4,"47,114"
2015,37173,NC,4.5,"47,559"
2016,37175,NC,4.1,"56,880"
2017,37177,NC,7.0,"42,260"
2018,37179,NC,3.9,"90,920"
2019,37181,NC,7.9,"41,935"
2020,37183,NC,4.0,"88,763"
2021,37185,NC,7.7,"42,808"
2022,37187,NC,6.9,"38,704"
2023,37189,NC,3.7,"54,004"
2024,37191,NC,5.0,"52,906"
2025,37193,NC,4.7,"46,830"
2026,37195,NC,6.7,"44,089"
2027,37197,NC,4.2,"53,154"
2028,37199,NC,4.3,"48,662"
2029,38000,ND,3.7,"64,289"
2030,38001,ND,3.4,"50,673"
2031,38003,ND,3.1,"52,327"
2032,38005,ND,5.0,"51,189"
2033,38007,ND,2.9,"76,478"
2034,38009,ND,4.8,"61,841"
2035,38011,ND,2.5,"67,067"
2036,38013,ND,4.3,"73,567"
2037,38015,ND,3.1,"72,170"
2038,38017,ND,2.9,"61,338"
2039,38019,ND,3.1,"54,270"
2040,38021,ND,2.7,"60,682"
2041,38023,ND,2.4,"64,594"
2042,38025,ND,3.3,"73,722"
2043,38027,ND,4.0,"54,285"
2044,38029,ND,4.6,"49,972"
2045,38031,ND,2.8,"63,234"
2046,38033,ND,2.7,"57,596"
2047,38035,ND,3.2,"55,495"
2048,38037,ND,2.7,"48,063"
2049,38039,ND,2.8,"53,751"
2050,38041,ND,3.2,"53,222"
2051,38043,ND,5.2,"49,386"
2052,38045,ND,2.3,"58,302"
2053,38047,ND,3.0,"47,908"
2054,38049,ND,4.3,"59,052"
2055,38051,ND,3.5,"48,839"
2056,38053,ND,5.5,"84,705"
2057,38055,ND,3.7,"70,835"
2058,38057,ND,4.7,"79,608"
2059,38059,ND,3.8,"71,928"
2060,38061,ND,3.5,"68,465"
2061,38063,ND,3.7,"53,008"
2062,38065,ND,3.8,"66,708"
2063,38067,ND,4.8,"61,595"
2064,38069,ND,3.4,"50,827"
2065,38071,ND,3.3,"57,984"
2066,38073,ND,2.6,"65,039"
2067,38075,ND,3.4,"67,054"
2068,38077,ND,2.7,"65,530"
2069,38079,ND,10.6,"45,178"
2070,38081,ND,2.7,"68,769"
2071,38083,ND,5.3,"46,424"
2072,38085,ND,3.5,"36,182"
2073,38087,ND,2.8,"53,330"
2074,38089,ND,4.7,"66,105"
2075,38091,ND,3.0,"68,163"
2076,38093,ND,3.0,"59,948"
2077,38095,ND,3.3,"57,509"
2078,38097,ND,3.0,"70,384"
2079,38099,ND,4.6,"57,557"
2080,38101,ND,4.3,"64,346"
2081,38103,ND,4.2,"56,827"
2082,38105,ND,6.7,"79,483"
2083,39000,OH,5.1,"60,360"
2084,39001,OH,6.3,"42,342"
2085,39003,OH,5.7,"52,558"
2086,39005,OH,4.3,"55,699"
2087,39007,OH,5.5,"51,252"
2088,39009,OH,5.6,"42,215"
2089,39011,OH,3.7,"69,468"
2090,39013,OH,6.1,"50,626"
2091,39015,OH,5.3,"58,067"
2092,39017,OH,4.5,"69,049"
2093,39019,OH,5.7,"52,065"
2094,39021,OH,4.4,"64,142"
2095,39023,OH,5.3,"54,507"
2096,39025,OH,4.3,"72,740"
2097,39027,OH,5.5,"53,891"
2098,39029,OH,5.7,"49,342"
2099,39031,OH,5.8,"47,794"
2100,39033,OH,5.8,"45,952"
2101,39035,OH,6.5,"55,128"
2102,39037,OH,3.9,"57,932"
2103,39039,OH,4.7,"61,816"
2104,39041,OH,3.6,"114,423"
2105,39043,OH,6.3,"66,252"
2106,39045,OH,4.3,"74,987"
2107,39047,OH,4.8,"50,125"
2108,39049,OH,5.0,"62,643"
2109,39051,OH,4.7,"60,550"
2110,39053,OH,5.6,"50,642"
2111,39055,OH,4.1,"84,510"
2112,39057,OH,4.3,"71,673"
2113,39059,OH,5.6,"45,808"
2114,39061,OH,4.9,"63,919"
2115,39063,OH,4.1,"61,473"
2116,39065,OH,5.2,"45,312"
2117,39067,OH,6.2,"49,088"
2118,39069,OH,5.2,"64,694"
2119,39071,OH,5.6,"57,155"
2120,39073,OH,4.8,"53,838"
2121,39075,OH,2.8,"67,967"
2122,39077,OH,5.8,"62,143"
2123,39079,OH,6.1,"49,636"
2124,39081,OH,6.5,"49,642"
2125,39083,OH,4.0,"68,050"
2126,39085,OH,5.1,"69,853"
2127,39087,OH,5.1,"47,299"
2128,39089,OH,4.1,"68,982"
2129,39091,OH,4.1,"61,797"
2130,39093,OH,5.8,"59,954"
2131,39095,OH,6.2,"51,642"
2132,39097,OH,3.8,"72,834"
2133,39099,OH,6.3,"48,937"
2134,39101,OH,4.7,"52,226"
2135,39103,OH,4.3,"79,504"
2136,39105,OH,6.6,"44,622"
2137,39107,OH,3.1,"69,588"
2138,39109,OH,4.3,"63,699"
2139,39111,OH,7.3,"48,944"
2140,39113,OH,5.6,"54,692"
2141,39115,OH,6.2,"45,698"
2142,39117,OH,4.5,"68,159"
2143,39119,OH,5.1,"52,457"
2144,39121,OH,6.8,"52,583"
2145,39123,OH,6.1,"65,582"
2146,39125,OH,4.3,"62,062"
2147,39127,OH,5.6,"56,048"
2148,39129,OH,4.5,"64,412"
2149,39131,OH,6.3,"46,413"
2150,39133,OH,4.7,"64,250"
2151,39135,OH,4.1,"60,856"
2152,39137,OH,3.4,"72,299"
2153,39139,OH,5.6,"52,295"
2154,39141,OH,4.8,"49,543"
2155,39143,OH,5.2,"60,455"
2156,39145,OH,6.2,"44,297"
2157,39147,OH,4.7,"58,129"
2158,39149,OH,4.2,"67,582"
2159,39151,OH,5.2,"57,364"
2160,39153,OH,5.4,"60,715"
2161,39155,OH,6.4,"48,929"
2162,39157,OH,4.6,"58,256"
2163,39159,OH,3.5,"92,198"
2164,39161,OH,3.9,"57,863"
2165,39163,OH,6.2,"49,778"
2166,39165,OH,4.0,"90,600"
2167,39167,OH,5.5,"53,450"
2168,39169,OH,3.6,"67,708"
2169,39171,OH,4.3,"52,458"
2170,39173,OH,4.3,"67,865"
2171,39175,OH,3.5,"63,516"
2172,40000,OK,3.8,"54,512"
2173,40001,OK,3.7,"36,749"
2174,40003,OK,2.3,"51,157"
2175,40005,OK,4.7,"42,618"
2176,40007,OK,1.7,"61,477"
2177,40009,OK,4.3,"47,625"
2178,40011,OK,3.0,"55,643"
2179,40013,OK,3.3,"45,213"
2180,40015,OK,3.7,"48,380"
2181,40017,OK,3.2,"75,452"
2182,40019,OK,4.4,"46,781"
2183,40021,OK,4.1,"49,553"
2184,40023,OK,5.2,"41,622"
2185,40025,OK,1.8,"50,804"
2186,40027,OK,3.2,"64,011"
2187,40029,OK,4.5,"41,162"
2188,40031,OK,4.1,"54,007"
2189,40033,OK,4.1,"46,266"
2190,40035,OK,3.6,"43,804"
2191,40037,OK,4.2,"49,954"
2192,40039,OK,3.2,"55,826"
2193,40041,OK,3.3,"43,147"
2194,40043,OK,2.7,"56,711"
2195,40045,OK,2.8,"56,763"
2196,40047,OK,3.4,"61,501"
2197,40049,OK,3.8,"47,391"
2198,40051,OK,3.5,"58,621"
2199,40053,OK,2.5,"51,399"
2200,40055,OK,5.1,"42,010"
2201,40057,OK,2.5,"40,246"
2202,40059,OK,2.5,"57,833"
2203,40061,OK,5.2,"41,253"
2204,40063,OK,5.2,"39,333"
2205,40065,OK,2.8,"56,779"
2206,40067,OK,4.0,"43,014"
2207,40069,OK,4.6,"45,361"
2208,40071,OK,4.3,"50,256"
2209,40073,OK,2.6,"71,450"
2210,40075,OK,3.3,"40,112"
2211,40077,OK,7.3,"40,831"
2212,40079,OK,4.7,"40,632"
2213,40081,OK,3.5,"56,957"
2214,40083,OK,3.3,"72,617"
2215,40085,OK,2.6,"54,219"
2216,40087,OK,3.1,"68,563"
2217,40089,OK,4.4,"45,380"
2218,40091,OK,6.1,"37,535"
2219,40093,OK,3.1,"54,851"
2220,40095,OK,3.7,"51,072"
2221,40097,OK,3.7,"50,905"
2222,40099,OK,3.9,"55,318"
2223,40101,OK,4.3,"42,607"
2224,40103,OK,2.5,"56,632"
2225,40105,OK,3.5,"45,719"
2226,40107,OK,4.9,"45,823"
2227,40109,OK,4.1,"55,332"
2228,40111,OK,5.2,"50,442"
2229,40113,OK,4.2,"50,490"
2230,40115,OK,3.2,"40,249"
2231,40117,OK,4.1,"51,960"
2232,40119,OK,3.2,"39,681"
2233,40121,OK,5.2,"50,416"
2234,40123,OK,3.3,"50,587"
2235,40125,OK,3.9,"50,118"
2236,40127,OK,4.2,"38,912"
2237,40129,OK,2.9,"51,279"
2238,40131,OK,3.5,"67,243"
2239,40133,OK,5.1,"42,418"
2240,40135,OK,4.3,"47,188"
2241,40137,OK,4.5,"52,905"
2242,40139,OK,1.8,"61,334"
2243,40141,OK,4.2,"41,610"
2244,40143,OK,4.0,"58,863"
2245,40145,OK,3.5,"66,375"
2246,40147,OK,3.8,"48,144"
2247,40149,OK,4.3,"51,270"
2248,40151,OK,2.1,"52,504"
2249,40153,OK,4.2,"54,328"
2250,41000,OR,5.2,"67,832"
2251,41001,OR,5.1,"44,872"
2252,41003,OR,3.9,"66,378"
2253,41005,OR,4.8,"82,539"
2254,41007,OR,6.0,"63,238"
2255,41009,OR,5.8,"73,023"
2256,41011,OR,6.3,"50,848"
2257,41013,OR,6.7,"68,598"
2258,41015,OR,6.7,"48,377"
2259,41017,OR,5.3,"66,467"
2260,41019,OR,5.8,"52,355"
2261,41021,OR,4.8,"63,088"
2262,41023,OR,6.7,"50,819"
2263,41025,OR,5.1,"48,790"
2264,41027,OR,4.5,"81,718"
2265,41029,OR,5.4,"57,334"
2266,41031,OR,6.5,"63,683"
2267,41033,OR,6.2,"47,740"
2268,41035,OR,6.7,"49,675"
2269,41037,OR,5.5,"48,669"
2270,41039,OR,5.5,"58,818"
2271,41041,OR,6.8,"53,883"
2272,41043,OR,5.6,"65,516"
2273,41045,OR,4.4,"46,278"
2274,41047,OR,5.1,"64,990"
2275,41049,OR,4.6,"59,956"
2276,41051,OR,5.6,"74,707"
2277,41053,OR,4.8,"66,973"
2278,41055,OR,4.3,"62,271"
2279,41057,OR,5.5,"57,533"
2280,41059,OR,5.2,"62,560"
2281,41061,OR,5.6,"58,779"
2282,41063,OR,5.4,"51,506"
2283,41065,OR,5.2,"55,519"
2284,41067,OR,4.4,"85,385"
2285,41069,OR,3.3,"43,367"
2286,41071,OR,4.7,"68,266"
2287,42000,PA,6.3,"64,898"
2288,42001,PA,4.4,"70,470"
2289,42003,PA,6.1,"64,236"
2290,42005,PA,7.6,"52,958"
2291,42007,PA,7.2,"56,649"
2292,42009,PA,5.9,"52,643"
2293,42011,PA,6.6,"70,057"
2294,42013,PA,6.0,"52,177"
2295,42015,PA,5.6,"55,787"
2296,42017,PA,5.3,"92,441"
2297,42019,PA,5.6,"74,721"
2298,42021,PA,7.0,"48,653"
2299,42023,PA,7.7,"46,151"
2300,42025,PA,6.7,"60,593"
2301,42027,PA,4.6,"62,795"
2302,42029,PA,4.2,"107,491"
2303,42031,PA,6.5,"52,642"
2304,42033,PA,7.0,"48,794"
2305,42035,PA,6.7,"54,652"
2306,42037,PA,5.9,"56,176"
2307,42039,PA,6.7,"52,372"
2308,42041,PA,4.6,"69,546"
2309,42043,PA,6.3,"63,265"
2310,42045,PA,6.3,"75,174"
2311,42047,PA,6.9,"52,952"
2312,42049,PA,7.3,"55,181"
2313,42051,PA,8.7,"45,256"
2314,42053,PA,8.3,"40,667"
2315,42055,PA,5.1,"57,812"
2316,42057,PA,6.3,"61,202"
2317,42059,PA,7.3,"59,324"
2318,42061,PA,7.3,"55,282"
2319,42063,PA,7.1,"53,533"
2320,42065,PA,6.5,"52,856"
2321,42067,PA,5.0,"59,591"
2322,42069,PA,6.9,"56,911"
2323,42071,PA,4.9,"73,006"
2324,42073,PA,7.6,"50,373"
2325,42075,PA,5.5,"63,605"
2326,42077,PA,6.8,"65,733"
2327,42079,PA,8.3,"52,281"
2328,42081,PA,6.7,"56,751"
2329,42083,PA,6.9,"52,359"
2330,42085,PA,7.1,"51,743"
2331,42087,PA,6.1,"54,517"
2332,42089,PA,7.7,"71,686"
2333,42091,PA,5.0,"94,094"
2334,42093,PA,4.4,"63,341"
2335,42095,PA,5.9,"73,903"
2336,42097,PA,6.8,"47,825"
2337,42099,PA,4.7,"68,991"
2338,42101,PA,9.2,"55,102"
2339,42103,PA,7.3,"66,614"
2340,42105,PA,6.8,"51,744"
2341,42107,PA,6.8,"52,307"
2342,42109,PA,5.2,"58,474"
2343,42111,PA,6.7,"51,916"
2344,42113,PA,7.4,"52,821"
2345,42115,PA,5.5,"55,560"
2346,42117,PA,6.6,"47,683"
2347,42119,PA,4.7,"62,306"
2348,42121,PA,6.8,"52,559"
2349,42123,PA,6.7,"52,729"
2350,42125,PA,6.6,"65,808"
2351,42127,PA,6.6,"55,627"
2352,42129,PA,6.3,"59,349"
2353,42131,PA,6.3,"59,305"
2354,42133,PA,5.4,"71,655"
2355,44000,RI,5.6,"73,919"
2356,44001,RI,4.7,"94,591"
2357,44003,RI,5.2,"82,413"
2358,44005,RI,4.9,"81,218"
2359,44007,RI,6.0,"67,752"
2360,44009,RI,4.9,"83,925"
2361,45000,SC,4.0,"57,216"
2362,45001,SC,4.5,"47,219"
2363,45003,SC,3.4,"57,128"
2364,45005,SC,7.8,"32,701"
2365,45007,SC,3.7,"52,667"
2366,45009,SC,7.5,"39,969"
2367,45011,SC,6.5,"41,717"
2368,45013,SC,3.5,"76,515"
2369,45015,SC,3.6,"70,371"
2370,45017,SC,4.5,"50,977"
2371,45019,SC,3.6,"72,451"
2372,45021,SC,5.1,"45,085"
2373,45023,SC,5.9,"45,366"
2374,45025,SC,4.5,"44,792"
2375,45027,SC,4.9,"52,983"
2376,45029,SC,4.4,"44,399"
2377,45031,SC,4.5,"42,082"
2378,45033,SC,5.8,"40,930"
2379,45035,SC,3.6,"62,928"
2380,45037,SC,3.4,"55,005"
2381,45039,SC,5.8,"45,648"
2382,45041,SC,4.1,"47,429"
2383,45043,SC,4.8,"57,991"
2384,45045,SC,3.4,"62,475"
2385,45047,SC,4.5,"43,711"
2386,45049,SC,3.6,"43,614"
2387,45051,SC,5.1,"55,055"
2388,45053,SC,3.4,"48,988"
2389,45055,SC,3.7,"60,397"
2390,45057,SC,4.4,"63,019"
2391,45059,SC,4.3,"43,766"
2392,45061,SC,5.6,"40,400"
2393,45063,SC,3.0,"62,839"
2394,45065,SC,4.8,"50,698"
2395,45067,SC,6.6,"38,498"
2396,45069,SC,7.8,"38,877"
2397,45071,SC,3.3,"52,202"
2398,45073,SC,3.6,"58,061"
2399,45075,SC,7.1,"41,335"
2400,45077,SC,3.5,"54,588"
2401,45079,SC,4.1,"56,993"
2402,45081,SC,3.1,"46,216"
2403,45083,SC,4.0,"53,485"
2404,45085,SC,4.6,"45,724"
2405,45087,SC,6.5,"46,567"
2406,45089,SC,6.1,"38,186"
2407,45091,SC,3.7,"72,579"
2408,46000,SD,3.1,"61,149"
2409,46003,SD,2.4,"54,916"
2410,46005,SD,2.8,"54,033"
2411,46007,SD,4.3,"45,478"
2412,46009,SD,2.8,"52,890"
2413,46011,SD,3.2,"64,542"
2414,46013,SD,3.0,"64,993"
2415,46015,SD,2.5,"56,691"
2416,46017,SD,5.4,"22,901"
2417,46019,SD,3.4,"52,346"
2418,46021,SD,3.4,"52,931"
2419,46023,SD,3.7,"44,865"
2420,46025,SD,3.7,"54,164"
2421,46027,SD,3.0,"49,834"
2422,46029,SD,3.1,"62,123"
2423,46031,SD,4.7,"29,860"
2424,46033,SD,4.0,"66,654"
2425,46035,SD,2.8,"53,664"
2426,46037,SD,4.3,"50,445"
2427,46039,SD,4.2,"58,488"
2428,46041,SD,5.9,"40,429"
2429,46043,SD,2.5,"59,404"
2430,46045,SD,2.7,"56,671"
2431,46047,SD,4.0,"48,927"
2432,46049,SD,2.7,"50,213"
2433,46051,SD,3.4,"59,637"
2434,46053,SD,2.8,"43,060"
2435,46055,SD,2.8,"50,898"
2436,46057,SD,2.4,"62,651"
2437,46059,SD,2.5,"59,237"
2438,46061,SD,4.0,"62,597"
2439,46063,SD,2.8,"58,732"
2440,46065,SD,2.4,"70,615"
2441,46067,SD,3.1,"54,669"
2442,46069,SD,2.6,"55,510"
2443,46071,SD,4.4,"36,853"
2444,46073,SD,2.2,"49,086"
2445,46075,SD,3.4,"49,156"
2446,46077,SD,2.9,"56,758"
2447,46079,SD,3.0,"65,643"
2448,46081,SD,3.0,"56,366"
2449,46083,SD,2.4,"86,972"
2450,46085,SD,4.4,"43,531"
2451,46087,SD,2.8,"64,693"
2452,46089,SD,4.2,"44,625"
2453,46091,SD,3.5,"56,885"
2454,46093,SD,3.0,"58,406"
2455,46095,SD,4.5,"37,844"
2456,46097,SD,3.1,"49,824"
2457,46099,SD,2.9,"64,526"
2458,46101,SD,2.8,"73,264"
2459,46102,SD,8.7,"32,195"
2460,46103,SD,3.2,"62,214"
2461,46105,SD,3.1,"46,786"
2462,46107,SD,3.0,"57,324"
2463,46109,SD,4.6,"50,673"
2464,46111,SD,3.0,"51,952"
2465,46115,SD,3.2,"53,282"
2466,46117,SD,3.0,"76,413"
2467,46119,SD,3.8,"59,157"
2468,46121,SD,4.8,"31,256"
2469,46123,SD,2.4,"46,162"
2470,46125,SD,2.7,"62,754"
2471,46127,SD,3.6,"82,574"
2472,46129,SD,5.5,"45,288"
2473,46135,SD,2.7,"57,075"
2474,46137,SD,4.5,"31,599"
2475,47000,TN,4.3,"56,962"
2476,47001,TN,3.8,"53,002"
2477,47003,TN,4.1,"58,593"
2478,47005,TN,4.8,"44,759"
2479,47007,TN,5.2,"45,780"
2480,47009,TN,3.4,"67,576"
2481,47011,TN,4.1,"49,802"
2482,47013,TN,4.8,"42,331"
2483,47015,TN,3.4,"50,628"
2484,47017,TN,4.6,"47,390"
2485,47019,TN,4.2,"44,786"
2486,47021,TN,3.1,"78,330"
2487,47023,TN,3.3,"42,839"
2488,47025,TN,4.1,"43,365"
2489,47027,TN,5.3,"37,683"
2490,47029,TN,5.5,"41,576"
2491,47031,TN,4.1,"55,177"
2492,47033,TN,3.6,"50,046"
2493,47035,TN,4.8,"52,529"
2494,47037,TN,4.2,"64,418"
2495,47039,TN,5.7,"47,232"
2496,47041,TN,4.5,"51,002"
2497,47043,TN,3.4,"60,309"
2498,47045,TN,4.6,"50,906"
2499,47047,TN,4.1,"73,132"
2500,47049,TN,4.0,"43,931"
2501,47051,TN,3.8,"49,491"
2502,47053,TN,4.3,"47,850"
2503,47055,TN,4.3,"51,332"
2504,47057,TN,4.2,"45,056"
2505,47059,TN,4.4,"43,164"
2506,47061,TN,5.4,"41,133"
2507,47063,TN,4.0,"48,047"
2508,47065,TN,4.0,"61,478"
2509,47067,TN,4.8,"33,109"
2510,47069,TN,6.0,"44,937"
2511,47071,TN,4.5,"46,776"
2512,47073,TN,4.4,"52,898"
2513,47075,TN,5.9,"43,742"
2514,47077,TN,4.4,"47,599"
2515,47079,TN,4.0,"41,598"
2516,47081,TN,3.5,"53,738"
2517,47083,TN,4.8,"47,465"
2518,47085,TN,3.9,"57,767"
2519,47087,TN,4.3,"43,115"
2520,47089,TN,4.1,"57,864"
2521,47091,TN,3.5,"43,039"
2522,47093,TN,3.3,"57,886"
2523,47095,TN,6.0,"32,163"
2524,47097,TN,6.0,"43,386"
2525,47099,TN,4.3,"47,353"
2526,47101,TN,4.7,"48,288"
2527,47103,TN,4.1,"56,661"
2528,47105,TN,3.4,"70,292"
2529,47107,TN,4.5,"50,297"
2530,47109,TN,5.3,"44,341"
2531,47111,TN,3.7,"47,031"
2532,47113,TN,4.5,"47,580"
2533,47115,TN,4.3,"50,941"
2534,47117,TN,4.5,"58,073"
2535,47119,TN,4.7,"65,942"
2536,47121,TN,4.9,"49,242"
2537,47123,TN,3.8,"50,945"
2538,47125,TN,4.5,"60,779"
2539,47127,TN,2.6,"64,271"
2540,47129,TN,4.3,"48,321"
2541,47131,TN,4.7,"45,643"
2542,47133,TN,3.6,"43,167"
2543,47135,TN,7.2,"46,366"
2544,47137,TN,3.8,"40,120"
2545,47139,TN,4.1,"48,184"
2546,47141,TN,3.7,"47,120"
2547,47143,TN,4.8,"45,724"
2548,47145,TN,4.0,"58,988"
2549,47147,TN,3.3,"63,918"
2550,47149,TN,3.4,"73,980"
2551,47151,TN,5.1,"39,020"
2552,47153,TN,4.4,"51,197"
2553,47155,TN,3.9,"54,284"
2554,47157,TN,6.8,"50,870"
2555,47159,TN,3.3,"59,355"
2556,47161,TN,4.1,"55,022"
2557,47163,TN,4.2,"48,968"
2558,47165,TN,3.3,"72,325"
2559,47167,TN,4.3,"61,432"
2560,47169,TN,3.7,"54,970"
2561,47171,TN,4.9,"45,635"
2562,47173,TN,4.0,"45,520"
2563,47175,TN,5.0,"45,908"
2564,47177,TN,4.7,"49,532"
2565,47179,TN,3.6,"52,088"
2566,47181,TN,4.1,"42,754"
2567,47183,TN,3.8,"46,979"
2568,47185,TN,3.9,"46,475"
2569,47187,TN,2.5,"118,257"
2570,47189,TN,3.2,"77,822"
2571,48000,TX,5.7,"66,048"
2572,48001,TX,4.8,"50,879"
2573,48003,TX,5.9,"76,600"
2574,48005,TX,6.5,"49,943"
2575,48007,TX,7.3,"51,461"
2576,48009,TX,4.2,"69,566"
2577,48011,TX,3.6,"62,256"
2578,48013,TX,6.2,"60,594"
2579,48015,TX,5.5,"60,593"
2580,48017,TX,4.9,"48,259"
2581,48019,TX,4.7,"64,389"
2582,48021,TX,4.5,"74,612"
2583,48023,TX,3.4,"44,392"
2584,48025,TX,8.7,"46,316"
2585,48027,TX,5.7,"53,639"
2586,48029,TX,5.4,"60,477"
2587,48031,TX,3.3,"66,383"
2588,48033,TX,2.4,"69,499"
2589,48035,TX,4.6,"58,056"
2590,48037,TX,5.8,"50,326"
2591,48039,TX,6.9,"83,576"
2592,48041,TX,4.1,"53,570"
2593,48043,TX,4.5,"48,537"
2594,48045,TX,4.7,"50,062"
2595,48047,TX,9.2,"33,513"
2596,48049,TX,5.2,"48,752"
2597,48051,TX,5.0,"64,836"
2598,48053,TX,3.7,"63,813"
2599,48055,TX,4.9,"66,128"
2600,48057,TX,4.9,"58,470"
2601,48059,TX,4.6,"54,862"
2602,48061,TX,8.2,"44,440"
2603,48063,TX,5.9,"43,130"
2604,48065,TX,3.9,"66,597"
2605,48067,TX,6.7,"50,595"
2606,48069,TX,3.5,"55,139"
2607,48071,TX,8.3,"89,991"
2608,48073,TX,6.4,"45,894"
2609,48075,TX,3.6,"45,473"
2610,48077,TX,4.9,"62,763"
2611,48079,TX,6.3,"44,584"
2612,48081,TX,4.8,"51,050"
2613,48083,TX,6.0,"43,623"
2614,48085,TX,4.3,"101,560"
2615,48087,TX,4.3,"47,885"
2616,48089,TX,4.8,"52,726"
2617,48091,TX,4.5,"79,290"
2618,48093,TX,4.6,"47,282"
2619,48095,TX,4.2,"47,412"
2620,48097,TX,5.0,"66,323"
2621,48099,TX,5.7,"58,398"
2622,48101,TX,4.6,"44,430"
2623,48103,TX,9.6,"67,547"
2624,48105,TX,6.7,"54,458"
2625,48107,TX,5.6,"42,804"
2626,48109,TX,4.8,"47,479"
2627,48111,TX,2.6,"55,253"
2628,48113,TX,5.6,"65,770"
2629,48115,TX,7.0,"47,233"
2630,48117,TX,3.7,"51,412"
2631,48119,TX,4.9,"50,456"
2632,48121,TX,4.4,"90,880"
2633,48123,TX,4.8,"53,899"
2634,48125,TX,5.1,"42,034"
2635,48127,TX,5.7,"42,788"
2636,48129,TX,4.1,"57,526"
2637,48131,TX,8.3,"40,601"
2638,48133,TX,5.8,"50,317"
2639,48135,TX,8.3,"62,669"
2640,48137,TX,4.3,"45,330"
2641,48139,TX,4.5,"79,849"
2642,48141,TX,6.2,"48,522"
2643,48143,TX,4.5,"61,453"
2644,48145,TX,5.3,"44,590"
2645,48147,TX,4.0,"59,746"
2646,48149,TX,4.3,"63,713"
2647,48151,TX,4.2,"52,828"
2648,48153,TX,5.8,"44,256"
2649,48155,TX,3.4,"40,955"
2650,48157,TX,5.9,"97,210"
2651,48159,TX,4.4,"58,927"
2652,48161,TX,7.2,"54,502"
2653,48163,TX,4.8,"47,007"
2654,48165,TX,4.6,"63,528"
2655,48167,TX,6.7,"78,465"
2656,48169,TX,5.0,"50,934"
2657,48171,TX,3.3,"64,365"
2658,48173,TX,2.9,"85,001"
2659,48175,TX,6.6,"54,970"
2660,48177,TX,4.3,"55,363"
2661,48179,TX,6.7,"54,141"
2662,48181,TX,4.6,"59,554"
2663,48183,TX,6.5,"51,394"
2664,48185,TX,6.7,"57,795"
2665,48187,TX,4.4,"78,909"
2666,48189,TX,6.1,"46,589"
2667,48191,TX,5.4,"36,654"
2668,48193,TX,4.1,"52,840"
2669,48195,TX,3.0,"61,059"
2670,48197,TX,4.3,"63,479"
2671,48199,TX,8.0,"69,151"
2672,48201,TX,6.5,"61,906"
2673,48203,TX,6.6,"55,198"
2674,48205,TX,2.1,"74,686"
2675,48207,TX,3.9,"44,847"
2676,48209,TX,4.1,"77,511"
2677,48211,TX,4.3,"65,718"
2678,48213,TX,5.1,"52,660"
2679,48215,TX,9.3,"46,653"
2680,48217,TX,5.0,"56,565"
2681,48219,TX,6.0,"55,469"
2682,48221,TX,5.2,"85,449"
2683,48223,TX,4.3,"53,634"
2684,48225,TX,4.8,"45,989"
2685,48227,TX,6.5,"58,445"
2686,48229,TX,5.8,"40,666"
2687,48231,TX,5.1,"53,760"
2688,48233,TX,6.0,"62,536"
2689,48235,TX,4.9,"73,776"
2690,48237,TX,5.5,"56,028"
2691,48239,TX,5.0,"56,101"
2692,48241,TX,9.7,"51,153"
2693,48243,TX,4.3,"55,718"
2694,48245,TX,10.0,"48,808"
2695,48247,TX,8.8,"41,620"
2696,48249,TX,10.2,"48,773"
2697,48251,TX,4.9,"67,382"
2698,48253,TX,6.2,"47,019"
2699,48255,TX,5.2,"56,006"
2700,48257,TX,4.9,"76,352"
2701,48259,TX,3.8,"103,216"
2702,48261,TX,6.0,"45,980"
2703,48263,TX,2.9,"53,472"
2704,48265,TX,4.5,"57,425"
2705,48267,TX,4.1,"47,894"
2706,48269,TX,0.9,"78,210"
2707,48271,TX,5.5,"62,557"
2708,48273,TX,7.1,"51,574"
2709,48275,TX,4.7,"46,053"
2710,48277,TX,5.5,"44,688"
2711,48279,TX,5.0,"48,123"
2712,48281,TX,4.8,"69,051"
2713,48283,TX,4.3,"45,647"
2714,48285,TX,4.5,"57,999"
2715,48287,TX,4.3,"61,444"
2716,48289,TX,7.1,"52,878"
2717,48291,TX,9.2,"61,230"
2718,48293,TX,6.2,"53,143"
2719,48295,TX,3.7,"67,775"
2720,48297,TX,6.8,"54,031"
2721,48299,TX,4.8,"60,706"
2722,48301,TX,0.9,"97,491"
2723,48303,TX,4.5,"56,477"
2724,48305,TX,4.3,"51,003"
2725,48307,TX,6.5,"47,617"
2726,48309,TX,4.9,"55,148"
2727,48311,TX,2.3,"45,927"
2728,48313,TX,6.2,"58,674"
2729,48315,TX,6.9,"42,024"
2730,48317,TX,4.8,"73,367"
2731,48319,TX,4.7,"63,120"
2732,48321,TX,8.3,"52,241"
2733,48323,TX,12.7,"41,324"
2734,48325,TX,5.0,"62,600"
2735,48327,TX,4.8,"41,477"
2736,48329,TX,5.7,"92,117"
2737,48331,TX,5.8,"49,961"
2738,48333,TX,4.4,"49,089"
2739,48335,TX,7.1,"46,156"
2740,48337,TX,5.1,"56,012"
2741,48339,TX,5.8,"85,348"
2742,48341,TX,3.3,"53,341"
2743,48343,TX,10.5,"45,122"
2744,48345,TX,5.1,"46,712"
2745,48347,TX,5.5,"49,375"
2746,48349,TX,5.1,"50,778"
2747,48351,TX,10.4,"45,769"
2748,48353,TX,4.8,"41,720"
2749,48355,TX,6.9,"55,727"
2750,48357,TX,4.6,"71,477"
2751,48359,TX,3.5,"61,013"
2752,48361,TX,9.0,"61,323"
2753,48363,TX,5.7,"59,450"
2754,48365,TX,6.7,"51,936"
2755,48367,TX,4.4,"88,617"
2756,48369,TX,2.9,"61,989"
2757,48371,TX,7.1,"52,792"
2758,48373,TX,8.0,"47,535"
2759,48375,TX,4.3,"45,903"
2760,48377,TX,10.5,"39,967"
2761,48379,TX,3.9,"59,195"
2762,48381,TX,3.5,"71,041"
2763,48383,TX,7.7,"66,711"
2764,48385,TX,5.9,"43,076"
2765,48387,TX,5.9,"46,727"
2766,48389,TX,5.9,"64,863"
2767,48391,TX,6.7,"48,433"
2768,48393,TX,4.3,"69,927"
2769,48395,TX,5.3,"55,218"
2770,48397,TX,4.3,"106,225"
2771,48399,TX,4.1,"50,972"
2772,48401,TX,6.0,"56,954"
2773,48403,TX,9.5,"51,046"
2774,48405,TX,8.2,"45,781"
2775,48407,TX,7.4,"51,575"
2776,48409,TX,8.8,"56,944"
2777,48411,TX,4.7,"48,349"
2778,48413,TX,5.5,"54,471"
2779,48415,TX,6.7,"57,158"
2780,48417,TX,4.0,"64,931"
2781,48419,TX,5.4,"41,194"
2782,48421,TX,3.0,"66,408"
2783,48423,TX,5.1,"60,735"
2784,48425,TX,5.2,"67,984"
2785,48427,TX,16.2,"35,716"
2786,48429,TX,4.9,"48,911"
2787,48431,TX,5.1,"68,435"
2788,48433,TX,4.1,"59,802"
2789,48435,TX,8.3,"64,612"
2790,48437,TX,4.9,"39,897"
2791,48439,TX,5.3,"72,064"
2792,48441,TX,4.3,"52,974"
2793,48443,TX,3.6,"42,849"
2794,48445,TX,6.1,"47,292"
2795,48447,TX,2.8,"46,820"
2796,48449,TX,5.4,"52,973"
2797,48451,TX,4.9,"55,990"
2798,48453,TX,4.0,"82,605"
2799,48455,TX,7.3,"47,685"
2800,48457,TX,8.5,"48,809"
2801,48459,TX,6.3,"58,231"
2802,48461,TX,5.2,"59,593"
2803,48463,TX,5.5,"49,275"
2804,48465,TX,5.9,"54,346"
2805,48467,TX,4.7,"57,891"
2806,48469,TX,6.4,"53,583"
2807,48471,TX,6.3,"43,002"
2808,48473,TX,6.4,"69,460"
2809,48475,TX,7.2,"57,257"
2810,48477,TX,5.2,"62,667"
2811,48479,TX,6.3,"56,588"
2812,48481,TX,5.7,"55,887"
2813,48483,TX,6.2,"49,838"
2814,48485,TX,5.3,"54,659"
2815,48487,TX,6.6,"51,774"
2816,48489,TX,10.5,"40,190"
2817,48491,TX,4.0,"91,507"
2818,48493,TX,4.4,"74,529"
2819,48495,TX,7.7,"77,960"
2820,48497,TX,4.9,"71,636"
2821,48499,TX,5.6,"61,886"
2822,48501,TX,7.8,"67,132"
2823,48503,TX,4.5,"54,569"
2824,48505,TX,12.1,"39,876"
2825,48507,TX,12.7,"34,898"
2826,49000,UT,2.7,"77,785"
2827,49001,UT,2.8,"61,858"
2828,49003,UT,2.4,"73,926"
2829,49005,UT,2.0,"65,391"
2830,49007,UT,3.9,"51,902"
2831,49009,UT,3.6,"63,461"
2832,49011,UT,2.4,"92,253"
2833,49013,UT,4.9,"61,709"
2834,49015,UT,3.9,"64,144"
2835,49017,UT,6.5,"47,638"
2836,49019,UT,4.4,"58,852"
2837,49021,UT,2.8,"52,942"
2838,49023,UT,2.0,"70,086"
2839,49025,UT,2.9,"58,352"
2840,49027,UT,2.4,"60,316"
2841,49029,UT,2.1,"103,746"
2842,49031,UT,4.4,"47,206"
2843,49033,UT,2.3,"75,531"
2844,49035,UT,2.8,"79,294"
2845,49037,UT,6.3,"50,686"
2846,49039,UT,2.8,"55,033"
2847,49041,UT,3.3,"56,318"
2848,49043,UT,2.9,"115,756"
2849,49045,UT,2.9,"79,101"
2850,49047,UT,5.6,"63,282"
2851,49049,UT,2.3,"81,804"
2852,49051,UT,2.9,"87,098"
2853,49053,UT,2.9,"71,904"
2854,49055,UT,4.7,"54,790"
2855,49057,UT,2.9,"72,091"
2856,50000,VT,3.4,"67,717"
2857,50001,VT,2.8,"73,049"
2858,50003,VT,4.3,"65,528"
2859,50005,VT,3.7,"52,203"
2860,50007,VT,2.8,"80,539"
2861,50009,VT,4.8,"50,956"
2862,50011,VT,3.5,"62,763"
2863,50013,VT,3.9,"79,994"
2864,50015,VT,4.0,"57,909"
2865,50017,VT,3.2,"60,624"
2866,50019,VT,4.6,"56,721"
2867,50021,VT,4.2,"62,289"
2868,50023,VT,3.0,"70,061"
2869,50025,VT,4.4,"59,017"
2870,50027,VT,3.3,"60,842"
2871,51000,VA,3.9,"79,154"
2872,51001,VA,4.3,"44,127"
2873,51003,VA,3.2,"79,708"
2874,51005,VA,4.1,"52,281"
2875,51007,VA,3.6,"70,511"
2876,51009,VA,3.7,"61,111"
2877,51011,VA,3.9,"55,152"
2878,51013,VA,3.0,"125,004"
2879,51015,VA,3.1,"67,698"
2880,51017,VA,4.6,"56,165"
2881,51019,VA,3.4,"70,004"
2882,51021,VA,3.4,"56,637"
2883,51023,VA,3.0,"70,803"
2884,51025,VA,6.3,"45,556"
2885,51027,VA,6.7,"35,891"
2886,51029,VA,5.3,"49,339"
2887,51031,VA,3.8,"59,223"
2888,51033,VA,4.3,"67,663"
2889,51035,VA,4.1,"48,555"
2890,51036,VA,4.4,"61,850"
2891,51037,VA,3.7,"45,084"
2892,51041,VA,3.6,"83,598"
2893,51043,VA,3.1,"88,407"
2894,51045,VA,3.3,"57,314"
2895,51047,VA,3.2,"80,151"
2896,51049,VA,4.3,"51,035"
2897,51051,VA,5.3,"38,394"
2898,51053,VA,4.5,"63,567"
2899,51057,VA,4.8,"56,134"
2900,51059,VA,3.5,"132,509"
2901,51061,VA,3.0,"106,977"
2902,51063,VA,3.1,"54,262"
2903,51065,VA,3.3,"79,598"
2904,51067,VA,3.5,"61,714"
2905,51069,VA,2.9,"83,033"
2906,51071,VA,3.5,"55,983"
2907,51073,VA,3.4,"73,893"
2908,51075,VA,3.1,"101,927"
2909,51077,VA,3.3,"45,896"
2910,51079,VA,3.0,"70,046"
2911,51081,VA,4.9,"48,578"
2912,51083,VA,4.8,"43,386"
2913,51085,VA,3.0,"97,717"
2914,51087,VA,4.0,"80,105"
2915,51089,VA,4.7,"41,706"
2916,51091,VA,2.9,"52,898"
2917,51093,VA,3.5,"75,481"
2918,51095,VA,4.0,"86,501"
2919,51097,VA,3.1,"60,133"
2920,51099,VA,2.9,"90,786"
2921,51101,VA,3.3,"79,313"
2922,51103,VA,5.3,"55,539"
2923,51105,VA,4.0,"38,229"
2924,51107,VA,3.1,"155,362"
2925,51109,VA,3.4,"69,907"
2926,51111,VA,3.8,"47,384"
2927,51113,VA,2.5,"67,373"
2928,51115,VA,3.2,"68,946"
2929,51117,VA,4.7,"49,542"
2930,51119,VA,3.4,"60,752"
2931,51121,VA,3.0,"62,418"
2932,51125,VA,3.5,"60,757"
2933,51127,VA,3.0,"107,658"
2934,51131,VA,5.4,"50,096"
2935,51133,VA,4.9,"60,575"
2936,51135,VA,3.7,"51,503"
2937,51137,VA,3.6,"73,226"
2938,51139,VA,4.6,"52,107"
2939,51141,VA,4.5,"46,149"
2940,51143,VA,4.0,"49,124"
2941,51145,VA,2.9,"98,465"
2942,51147,VA,4.8,"47,968"
2943,51149,VA,4.5,"75,717"
2944,51153,VA,4.0,"111,117"
2945,51155,VA,4.0,"50,530"
2946,51157,VA,2.9,"76,634"
2947,51159,VA,3.5,"55,870"
2948,51161,VA,3.1,"71,613"
2949,51163,VA,3.7,"55,684"
2950,51165,VA,2.9,"62,609"
2951,51167,VA,4.3,"43,206"
2952,51169,VA,3.6,"44,937"
2953,51171,VA,3.6,"54,294"
2954,51173,VA,4.0,"43,351"
2955,51175,VA,3.5,"60,441"
2956,51177,VA,3.8,"94,299"
2957,51179,VA,3.6,"110,120"
2958,51181,VA,3.8,"57,872"
2959,51183,VA,6.5,"48,040"
2960,51185,VA,5.2,"45,214"
2961,51187,VA,3.5,"63,797"
2962,51191,VA,3.6,"53,785"
2963,51193,VA,4.4,"59,343"
2964,51195,VA,5.2,"41,723"
2965,51197,VA,4.0,"54,399"
2966,51199,VA,3.3,"91,711"
2967,51510,VA,3.8,"99,763"
2968,51520,VA,4.7,"41,444"
2969,51530,VA,3.9,"48,837"
2970,51540,VA,3.7,"70,501"
2971,51550,VA,3.8,"80,402"
2972,51570,VA,4.8,"67,339"
2973,51580,VA,5.8,"40,683"
2974,51590,VA,6.5,"36,560"
2975,51595,VA,7.8,"42,895"
2976,51600,VA,3.4,"102,828"
2977,51610,VA,2.6,"160,305"
2978,51620,VA,6.9,"47,223"
2979,51630,VA,4.7,"72,437"
2980,51640,VA,4.1,"40,271"
2981,51650,VA,5.7,"53,719"
2982,51660,VA,4.0,"52,159"
2983,51670,VA,7.5,"41,792"
2984,51678,VA,4.9,"63,580"
2985,51680,VA,5.1,"56,089"
2986,51683,VA,3.9,"87,804"
2987,51685,VA,3.8,"82,255"
2988,51690,VA,7.5,"35,715"
2989,51700,VA,5.6,"60,048"
2990,51710,VA,5.7,"51,401"
2991,51720,VA,4.9,"36,004"
2992,51730,VA,10.5,"43,190"
2993,51735,VA,2.8,"99,310"
2994,51740,VA,6.7,"52,070"
2995,51750,VA,4.1,"42,938"
2996,51760,VA,5.5,"54,815"
2997,51770,VA,4.8,"49,313"
2998,51775,VA,3.6,"70,349"
2999,51790,VA,3.8,"51,230"
3000,51800,VA,4.4,"72,264"
3001,51810,VA,3.7,"73,961"
3002,51820,VA,4.1,"53,635"
3003,51830,VA,4.9,"60,655"
3004,51840,VA,3.5,"58,295"
3005,53000,WA,5.2,"80,319"
3006,53001,WA,5.5,"56,421"
3007,53003,WA,3.7,"53,377"
3008,53005,WA,5.6,"75,882"
3009,53007,WA,5.3,"61,546"
3010,53009,WA,6.5,"54,712"
3011,53011,WA,5.5,"76,929"
3012,53013,WA,5.2,"58,220"
3013,53015,WA,6.4,"64,357"
3014,53017,WA,5.5,"64,768"
3015,53019,WA,8.9,"47,722"
3016,53021,WA,6.6,"73,656"
3017,53023,WA,5.8,"56,804"
3018,53025,WA,6.6,"54,753"
3019,53027,WA,7.8,"54,034"
3020,53029,WA,5.6,"76,965"
3021,53031,WA,6.2,"66,386"
3022,53033,WA,4.3,"102,620"
3023,53035,WA,5.0,"76,814"
3024,53037,WA,6.3,"64,727"
3025,53039,WA,6.0,"57,476"
3026,53041,WA,6.3,"54,578"
3027,53043,WA,4.9,"61,332"
3028,53045,WA,7.0,"63,785"
3029,53047,WA,6.6,"48,979"
3030,53049,WA,7.9,"53,319"
3031,53051,WA,7.6,"57,212"
3032,53053,WA,6.1,"80,236"
3033,53055,WA,5.0,"74,533"
3034,53057,WA,6.3,"78,798"
3035,53059,WA,6.4,"68,501"
3036,53061,WA,5.0,"93,589"
3037,53063,WA,5.4,"60,827"
3038,53065,WA,6.7,"50,958"
3039,53067,WA,5.2,"79,769"
3040,53069,WA,6.6,"62,099"
3041,53071,WA,4.6,"61,281"
3042,53073,WA,6.0,"70,463"
3043,53075,WA,4.5,"52,066"
3044,53077,WA,7.0,"56,353"
3045,54000,WV,5.0,"49,202"
3046,54001,WV,5.3,"43,773"
3047,54003,WV,3.6,"67,163"
3048,54005,WV,6.1,"49,076"
3049,54007,WV,6.7,"47,959"
3050,54009,WV,6.1,"50,381"
3051,54011,WV,4.6,"44,161"
3052,54013,WV,10.3,"41,726"
3053,54015,WV,7.7,"36,537"
3054,54017,WV,4.1,"50,445"
3055,54019,WV,6.2,"41,964"
3056,54021,WV,6.9,"41,579"
3057,54023,WV,4.5,"45,624"
3058,54025,WV,4.5,"40,016"
3059,54027,WV,3.4,"53,333"
3060,54029,WV,6.3,"52,305"
3061,54031,WV,4.9,"47,469"
3062,54033,WV,4.7,"52,075"
3063,54035,WV,5.7,"52,123"
3064,54037,WV,3.1,"85,779"
3065,54039,WV,5.2,"47,830"
3066,54041,WV,7.0,"53,471"
3067,54043,WV,6.6,"40,741"
3068,54045,WV,6.6,"38,571"
3069,54047,WV,8.2,"26,582"
3070,54049,WV,5.2,"58,878"
3071,54051,WV,6.2,"54,028"
3072,54053,WV,5.5,"44,307"
3073,54055,WV,6.0,"42,095"
3074,54057,WV,4.7,"50,300"
3075,54059,WV,9.0,"32,955"
3076,54061,WV,3.9,"55,836"
3077,54063,WV,3.6,"46,879"
3078,54065,WV,3.5,"57,432"
3079,54067,WV,6.0,"42,725"
3080,54069,WV,5.1,"41,312"
3081,54071,WV,3.0,"47,167"
3082,54073,WV,7.2,"55,313"
3083,54075,WV,5.0,"41,173"
3084,54077,WV,4.5,"51,757"
3085,54079,WV,4.2,"69,175"
3086,54081,WV,5.2,"44,526"
3087,54083,WV,5.6,"48,306"
3088,54085,WV,5.6,"45,066"
3089,54087,WV,8.5,"42,379"
3090,54089,WV,4.7,"38,692"
3091,54091,WV,4.6,"53,587"
3092,54093,WV,5.4,"44,461"
3093,54095,WV,8.0,"46,693"
3094,54097,WV,6.2,"46,171"
3095,54099,WV,5.1,"45,507"
3096,54101,WV,6.2,"34,396"
3097,54103,WV,6.7,"47,322"
3098,54105,WV,7.6,"49,504"
3099,54107,WV,5.3,"47,019"
3100,54109,WV,5.8,"39,143"
3101,55000,WI,3.8,"64,901"
3102,55001,WI,6.2,"52,060"
3103,55003,WI,5.0,"52,115"
3104,55005,WI,3.9,"54,963"
3105,55007,WI,5.7,"58,218"
3106,55009,WI,3.4,"64,905"
3107,55011,WI,4.2,"56,643"
3108,55013,WI,5.3,"57,888"
3109,55015,WI,2.8,"79,046"
3110,55017,WI,3.9,"62,841"
3111,55019,WI,3.2,"55,808"
3112,55021,WI,3.4,"74,776"
3113,55023,WI,4.4,"53,309"
3114,55025,WI,2.8,"74,829"
3115,55027,WI,3.2,"65,540"
3116,55029,WI,4.4,"61,319"
3117,55031,WI,4.4,"60,898"
3118,55033,WI,3.6,"61,880"
3119,55035,WI,3.2,"67,409"
3120,55037,WI,4.8,"50,420"
3121,55039,WI,3.2,"69,280"
3122,55041,WI,6.7,"54,555"
3123,55043,WI,3.0,"55,779"
3124,55045,WI,3.0,"75,666"
3125,55047,WI,4.3,"61,406"
3126,55049,WI,3.4,"75,075"
3127,55051,WI,6.4,"48,614"
3128,55053,WI,5.2,"57,164"
3129,55055,WI,3.3,"71,772"
3130,55057,WI,4.3,"56,025"
3131,55059,WI,4.3,"70,368"
3132,55061,WI,2.8,"69,077"
3133,55063,WI,3.0,"63,298"
3134,55065,WI,2.6,"65,235"
3135,55067,WI,4.5,"55,259"
3136,55069,WI,3.7,"61,066"
3137,55071,WI,3.4,"62,734"
3138,55073,WI,3.0,"67,074"
3139,55075,WI,4.4,"56,236"
3140,55077,WI,4.4,"52,450"
3141,55078,WI,8.6,"41,365"
3142,55079,WI,5.4,"52,281"
3143,55081,WI,3.2,"63,671"
3144,55083,WI,3.7,"65,981"
3145,55085,WI,4.3,"59,631"
3146,55087,WI,3.1,"70,727"
3147,55089,WI,3.1,"83,274"
3148,55091,WI,3.4,"65,068"
3149,55093,WI,3.4,"80,523"
3150,55095,WI,4.2,"65,258"
3151,55097,WI,3.5,"67,228"
3152,55099,WI,4.2,"47,172"
3153,55101,WI,4.7,"66,562"
3154,55103,WI,3.5,"53,970"
3155,55105,WI,4.4,"66,138"
3156,55107,WI,4.4,"50,922"
3157,55109,WI,3.4,"82,797"
3158,55111,WI,4.0,"65,746"
3159,55113,WI,5.1,"50,319"
3160,55115,WI,3.7,"58,088"
3161,55117,WI,3.1,"64,104"
3162,55119,WI,3.3,"55,370"
3163,55121,WI,3.7,"59,749"
3164,55123,WI,3.2,"56,561"
3165,55125,WI,4.7,"54,619"
3166,55127,WI,3.6,"67,656"
3167,55129,WI,4.5,"54,132"
3168,55131,WI,3.1,"81,659"
3169,55133,WI,3.1,"92,359"
3170,55135,WI,3.5,"67,078"
3171,55137,WI,4.2,"58,929"
3172,55139,WI,3.2,"64,653"
3173,55141,WI,4.4,"54,154"
3174,56000,WY,4.5,"67,284"
3175,56001,WY,3.3,"59,179"
3176,56003,WY,4.4,"54,684"
3177,56005,WY,5.3,"85,022"
3178,56007,WY,3.9,"66,589"
3179,56009,WY,4.9,"79,304"
3180,56011,WY,3.4,"67,443"
3181,56013,WY,4.7,"52,010"
3182,56015,WY,3.5,"51,398"
3183,56017,WY,3.9,"48,864"
3184,56019,WY,4.1,"62,671"
3185,56021,WY,4.0,"69,450"
3186,56023,WY,3.8,"73,062"
3187,56025,WY,6.1,"65,901"
3188,56027,WY,3.6,"52,837"
3189,56029,WY,4.1,"63,093"
3190,56031,WY,4.0,"60,178"
3191,56033,WY,4.2,"59,947"
3192,56035,WY,5.6,"82,442"
3193,56037,WY,5.6,"70,583"
3194,56039,WY,3.2,"92,488"
3195,56041,WY,5.0,"71,246"
3196,56043,WY,4.0,"58,532"
3197,56045,WY,3.2,"58,901"
