fips,ST,Unemployment_rate_2021,Median_Household_Income_2020
1001,AL,2.8,67565
1003,AL,3.0,71135
1005,AL,5.7,38866
1007,AL,3.5,50907
1009,AL,2.4,55203
1011,AL,4.0,33124
1013,AL,5.3,42268
1015,AL,4.1,50259
1017,AL,3.7,39318
1019,AL,2.5,50388
1021,AL,2.9,52693
1023,AL,4.4,41649
1025,AL,6.0,44178
1027,AL,2.7,44763
1029,AL,2.6,50134
1031,AL,2.8,54203
1033,AL,4.0,54185
1035,AL,4.8,34664
1037,AL,3.1,46509
1039,AL,3.0,43544
1041,AL,3.3,45927
1043,AL,2.4,51844
1045,AL,3.1,48493
1047,AL,7.4,37679
1049,AL,2.5,47156
1051,AL,2.7,62524
1053,AL,4.1,41212
1055,AL,4.1,47872
1057,AL,3.1,45937
1059,AL,2.5,40448
1061,AL,2.8,39882
1063,AL,6.9,33609
1065,AL,5.7,41836
1067,AL,3.2,51126
1069,AL,3.4,54391
1071,AL,2.9,46606
1073,AL,3.6,57802
1075,AL,3.0,40204
1077,AL,3.2,52293
1079,AL,2.9,48924
1081,AL,2.8,58963
1083,AL,2.5,70850
1085,AL,9.2,37499
1087,AL,6.0,37736
1089,AL,2.7,67810
1091,AL,4.2,43198
1093,AL,2.8,44333
1095,AL,2.4,51417
1097,AL,4.7,50871
1099,AL,5.6,38812
1101,AL,4.9,49607
1103,AL,2.6,55688
1105,AL,8.3,33712
1107,AL,4.1,41870
1109,AL,3.2,43141
1111,AL,2.7,46679
1113,AL,3.1,40821
1115,AL,2.6,61973
1117,AL,2.1,88444
1119,AL,4.5,32275
1121,AL,4.1,44802
1123,AL,4.0,46654
1125,AL,3.6,56610
1127,AL,3.6,46519
1129,AL,4.7,36346
1131,AL,11.0,31909
1133,AL,2.8,46453
2013,AK,2.3,79128
2016,AK,3.6,92216
2020,AK,5.8,84577
2050,AK,13.1,52214
2060,AK,5.6,87032
2063,AK,6.7,84063
2066,AK,8.9,61215
2068,AK,10.1,80192
2070,AK,8.2,72334
2090,AK,5.0,76650
2100,AK,11.3,105044
2105,AK,9.3,55593
2110,AK,4.7,89204
2122,AK,7.3,68448
2130,AK,7.4,76780
2150,AK,6.4,72028
2158,AK,19.9,37566
2164,AK,8.9,54386
2170,AK,6.8,89502
2180,AK,9.7,64309
2185,AK,6.3,94759
2188,AK,11.5,65194
2195,AK,7.0,66096
2198,AK,8.0,53638
2220,AK,4.5,79363
2230,AK,14.2,78421
2240,AK,6.6,64544
2275,AK,7.5,64643
2282,AK,7.1,68352
2290,AK,12.4,43060
4001,AZ,9.1,36319
4003,AZ,4.8,51171
4005,AZ,6.0,57146
4007,AZ,5.0,49280
4009,AZ,4.1,55419
4011,AZ,4.0,67530
4012,AZ,5.1,41637
4013,AZ,4.5,71799
4015,AZ,5.5,46678
4017,AZ,6.5,46698
4019,AZ,5.0,56551
4021,AZ,4.7,66992
4023,AZ,8.7,44402
4025,AZ,4.1,58860
4027,AZ,12.9,54278
5001,AR,3.4,51186
5003,AR,7.4,44677
5005,AR,3.7,44833
5007,AR,2.8,78678
5009,AR,3.0,48153
5011,AR,4.7,41578
5013,AR,3.3,50865
5015,AR,3.4,45397
5017,AR,8.6,35992
5019,AR,4.7,46464
5021,AR,4.0,43723
5023,AR,4.6,49964
5025,AR,4.0,57697
5027,AR,5.3,44925
5029,AR,4.2,47049
5031,AR,3.3,51797
5033,AR,3.6,54534
5035,AR,5.4,47545
5037,AR,4.4,40587
5039,AR,4.1,34649
5041,AR,5.9,37421
5043,AR,5.0,46787
5045,AR,3.5,57367
5047,AR,3.7,47256
5049,AR,3.6,39839
5051,AR,5.0,46459
5053,AR,3.2,62077
5055,AR,3.4,53821
5057,AR,3.5,42790
5059,AR,3.9,49582
5061,AR,3.2,40566
5063,AR,3.9,50834
5065,AR,5.4,41787
5067,AR,5.2,40789
5069,AR,6.6,40588
5071,AR,4.7,39439
5073,AR,5.8,40007
5075,AR,4.3,41188
5077,AR,5.6,32502
5079,AR,4.6,47903
5081,AR,4.5,47125
5083,AR,4.2,43577
5085,AR,3.3,59623
5087,AR,3.1,45144
5089,AR,4.3,39888
5091,AR,4.8,43634
5093,AR,7.2,47892
5095,AR,5.3,35833
5097,AR,4.8,42751
5099,AR,4.0,41854
5101,AR,3.0,40698
5103,AR,3.9,46374
5105,AR,4.1,46317
5107,AR,7.7,35167
5109,AR,4.4,43133
5111,AR,3.9,36150
5113,AR,4.4,42915
5115,AR,4.0,46350
5117,AR,3.7,48478
5119,AR,4.9,56171
5121,AR,3.9,46495
5123,AR,6.2,37759
5125,AR,3.1,70550
5127,AR,3.3,41230
5129,AR,4.2,33814
5131,AR,3.7,48627
5133,AR,4.4,45838
5135,AR,4.9,40437
5137,AR,5.0,36148
5139,AR,6.1,47857
5141,AR,4.9,42345
5143,AR,2.9,57712
5145,AR,4.0,43765
5147,AR,5.0,37634
5149,AR,4.0,48728
6001,CA,6.1,113518
6003,CA,8.1,64542
6005,CA,7.0,68141
6007,CA,6.9,54718
6009,CA,5.7,66329
6011,CA,12.5,59422
6013,CA,6.4,106484
6015,CA,7.6,47442
6017,CA,5.7,87792
6019,CA,9.2,61401
6021,CA,6.9,57779
6023,CA,6.2,56071
6025,CA,17.3,47599
6027,CA,5.9,55981
6029,CA,10.0,58583
6031,CA,9.6,60319
6033,CA,7.6,52345
6035,CA,5.9,63803
6037,CA,8.9,75624
6039,CA,8.8,68744
6041,CA,4.5,127601
6043,CA,8.0,56887
6045,CA,6.2,53176
6047,CA,10.4,58998
6049,CA,7.1,46838
6051,CA,6.8,73204
6053,CA,8.3,85031
6055,CA,6.0,92149
6057,CA,5.6,74158
6059,CA,6.0,98786
6061,CA,5.0,100662
6063,CA,9.5,58489
6065,CA,7.3,76409
6067,CA,7.0,72953
6069,CA,7.2,91185
6071,CA,7.4,65984
6073,CA,6.5,87126
6075,CA,5.0,121722
6077,CA,8.7,70685
6079,CA,5.2,79455
6081,CA,4.6,132369
6083,CA,5.8,86136
6085,CA,4.7,139462
6087,CA,6.9,93015
6089,CA,6.8,59108
6091,CA,6.0,59422
6093,CA,8.1,49441
6095,CA,7.5,83678
6097,CA,5.5,87366
6099,CA,8.4,64501
6101,CA,9.0,65791
6103,CA,7.2,61571
6105,CA,6.3,45113
6107,CA,10.7,62058
6109,CA,7.3,63336
6111,CA,6.2,90961
6113,CA,5.8,80668
6115,CA,8.5,56278
8001,CO,6.2,73615
8003,CO,5.5,50390
8005,CO,5.8,82381
8007,CO,4.9,63961
8009,CO,2.1,42531
8011,CO,6.1,50688
8013,CO,4.4,88289
8014,CO,4.5,106263
8015,CO,4.0,64220
8017,CO,2.3,56383
8019,CO,5.5,79422
8021,CO,4.8,39822
8023,CO,6.0,35639
8025,CO,5.2,36836
8027,CO,4.0,60485
8029,CO,5.3,53553
8031,CO,5.9,75355
8033,CO,4.7,50821
8035,CO,4.1,122290
8037,CO,4.4,94309
8039,CO,3.8,107139
8041,CO,5.6,72459
8043,CO,6.9,52414
8045,CO,4.7,79958
8047,CO,6.2,79622
8049,CO,4.2,74484
8051,CO,3.7,68214
8053,CO,3.6,63034
8055,CO,8.2,49502
8057,CO,3.3,55430
8059,CO,5.0,90097
8061,CO,3.3,49179
8063,CO,3.0,54642
8065,CO,4.4,61518
8067,CO,5.2,66080
8069,CO,4.7,80344
8071,CO,6.5,46281
8073,CO,4.2,50169
8075,CO,4.4,55717
8077,CO,5.7,64141
8079,CO,5.0,58004
8081,CO,4.8,63128
8083,CO,5.6,54053
8085,CO,5.0,59764
8087,CO,4.9,63297
8089,CO,6.1,46235
8091,CO,4.5,74492
8093,CO,4.1,77598
8095,CO,2.9,57385
8097,CO,5.5,93634
8099,CO,4.5,47463
8101,CO,7.9,50885
8103,CO,5.5,64039
8105,CO,6.5,51416
8107,CO,4.2,82330
8109,CO,5.9,56012
8111,CO,3.5,54387
8113,CO,5.0,77099
8115,CO,3.7,43354
8117,CO,4.0,91079
8119,CO,4.9,62845
8121,CO,3.2,59174
8123,CO,5.7,77937
8125,CO,2.7,82124
9001,CT,6.1,98828
9003,CT,6.5,73476
9005,CT,5.5,79512
9007,CT,5.2,89970
9009,CT,6.6,72517
9011,CT,6.9,77202
9013,CT,5.1,87247
9015,CT,6.2,66349
10001,DE,6.2,61538
10003,DE,5.3,75145
10005,DE,4.8,69829
11001,DC,6.6,91957
12001,FL,3.7,51995
12003,FL,3.7,61514
12005,FL,3.9,61332
12007,FL,4.2,48260
12009,FL,4.0,65871
12011,FL,4.9,63901
12013,FL,4.5,43994
12015,FL,4.4,58368
12017,FL,5.7,48574
12019,FL,3.5,72520
12021,FL,3.7,81895
12023,FL,4.5,46670
12027,FL,3.8,45807
12029,FL,4.3,41450
12031,FL,4.5,55202
12033,FL,4.5,57089
12035,FL,4.6,67054
12037,FL,3.8,47206
12039,FL,5.4,42698
12041,FL,3.7,52000
12043,FL,4.2,45328
12045,FL,3.6,51593
12047,FL,6.0,41871
12049,FL,4.8,46264
12051,FL,6.1,45652
12053,FL,5.1,52108
12055,FL,5.9,48922
12057,FL,4.3,65272
12059,FL,4.1,41969
12061,FL,4.7,72934
12063,FL,4.6,44108
12065,FL,4.2,54354
12067,FL,4.0,41635
12069,FL,4.7,58501
12071,FL,4.2,66140
12073,FL,4.2,61403
12075,FL,4.5,41894
12077,FL,4.2,46734
12079,FL,4.9,41650
12081,FL,3.9,63328
12083,FL,4.9,48553
12085,FL,3.6,72736
12086,FL,5.2,59259
12087,FL,3.0,68584
12089,FL,3.4,75123
12091,FL,3.3,65977
12093,FL,4.1,48028
12095,FL,5.2,69074
12097,FL,6.3,63018
12099,FL,4.3,68200
12101,FL,4.4,52332
12103,FL,4.0,61532
12105,FL,5.4,54591
12107,FL,6.1,36527
12109,FL,3.0,94343
12111,FL,4.9,59023
12113,FL,3.5,71583
12115,FL,3.8,66138
12117,FL,4.1,71930
12119,FL,5.3,60278
12121,FL,4.5,46264
12123,FL,5.0,45527
12125,FL,3.7,49313
12127,FL,4.6,55463
12129,FL,3.2,64671
12131,FL,3.5,74108
12133,FL,4.5,44661
13001,GA,3.6,44871
13003,GA,2.9,39633
13005,GA,3.2,41756
13007,GA,4.9,43696
13009,GA,4.8,49350
13011,GA,2.6,62836
13013,GA,2.9,64460
13015,GA,3.5,64980
13017,GA,5.2,39305
13019,GA,3.7,45094
13021,GA,5.0,44467
13023,GA,5.0,51448
13025,GA,3.6,39256
13027,GA,3.7,42973
13029,GA,2.9,81890
13031,GA,4.1,48629
13033,GA,5.8,44870
13035,GA,3.6,52720
13037,GA,4.0,37984
13039,GA,3.2,67525
13043,GA,3.0,42583
13045,GA,3.7,64554
13047,GA,2.7,61906
13049,GA,3.2,46061
13051,GA,4.3,56357
13053,GA,4.5,51811
13055,GA,4.8,44399
13057,GA,2.6,90675
13059,GA,3.8,46693
13061,GA,10.2,35937
13063,GA,6.5,49370
13065,GA,2.9,43088
13067,GA,3.3,81517
13069,GA,4.1,44520
13071,GA,3.2,41673
13073,GA,2.7,87489
13075,GA,3.4,35225
13077,GA,3.4,84121
13079,GA,3.7,48184
13081,GA,8.6,36871
13083,GA,2.6,41069
13085,GA,2.7,75081
13087,GA,3.7,42996
13089,GA,4.6,69545
13091,GA,4.2,42683
13093,GA,7.3,45112
13095,GA,6.4,40793
13097,GA,4.4,65269
13099,GA,5.0,39697
13101,GA,2.7,45378
13103,GA,2.9,77690
13105,GA,4.9,43553
13107,GA,5.3,36243
13109,GA,3.5,51018
13111,GA,2.8,44730
13113,GA,2.9,98623
13115,GA,3.7,47423
13117,GA,2.5,116690
13119,GA,3.7,47706
13121,GA,4.7,71504
13123,GA,3.0,66066
13125,GA,2.6,50800
13127,GA,3.8,59286
13129,GA,3.2,54915
13131,GA,3.1,54601
13133,GA,3.7,61857
13135,GA,3.5,73460
13137,GA,3.6,61071
13139,GA,2.7,67735
13141,GA,6.4,36424
13143,GA,3.5,51431
13145,GA,2.9,81151
13147,GA,3.9,52401
13149,GA,3.9,51532
13151,GA,4.2,69620
13153,GA,3.6,69442
13155,GA,4.5,47492
13157,GA,2.4,70960
13159,GA,3.2,57796
13161,GA,4.0,44417
13163,GA,4.7,40333
13165,GA,4.7,38306
13167,GA,3.5,36358
13169,GA,3.1,64812
13171,GA,4.2,55024
13173,GA,3.8,35215
13175,GA,4.3,46690
13177,GA,3.1,74640
13179,GA,4.0,49788
13181,GA,4.0,47883
13183,GA,3.0,53841
13185,GA,4.1,48864
13187,GA,2.8,63822
13189,GA,5.2,48392
13191,GA,3.7,48097
13193,GA,6.3,35997
13195,GA,3.1,50619
13197,GA,3.6,46792
13199,GA,5.3,45095
13201,GA,3.0,51855
13205,GA,5.0,38256
13207,GA,3.1,65599
13209,GA,4.1,47074
13211,GA,3.2,68343
13213,GA,4.3,58761
13215,GA,5.3,44959
13217,GA,4.4,62183
13219,GA,2.2,104519
13221,GA,2.9,55678
13223,GA,3.0,77755
13225,GA,4.7,51531
13227,GA,2.8,69781
13229,GA,3.1,51696
13231,GA,2.8,64986
13233,GA,3.6,51040
13235,GA,3.6,44019
13237,GA,4.0,56104
13239,GA,4.9,37735
13241,GA,3.1,53038
13243,GA,5.2,36064
13245,GA,5.3,43942
13247,GA,4.6,61332
13249,GA,3.7,53163
13251,GA,5.6,44061
13253,GA,3.7,41778
13255,GA,4.7,51019
13257,GA,4.3,46626
13259,GA,3.8,40205
13261,GA,5.7,42653
13263,GA,4.5,44458
13265,GA,5.0,28004
13267,GA,3.2,45191
13269,GA,5.7,38783
13271,GA,7.2,38161
13273,GA,6.2,39433
13275,GA,4.2,57969
13277,GA,3.4,45093
13279,GA,4.5,42165
13281,GA,3.9,43640
13283,GA,4.3,40834
13285,GA,4.4,51799
13287,GA,6.4,46042
13289,GA,5.1,46444
13291,GA,2.7,50653
13293,GA,4.0,48233
13295,GA,3.1,49388
13297,GA,3.2,71390
13299,GA,3.7,39994
13301,GA,4.7,40422
13303,GA,5.0,43309
13305,GA,3.7,48885
13307,GA,4.4,45381
13309,GA,5.5,36671
13311,GA,2.5,58831
13313,GA,3.9,56249
13315,GA,4.6,40856
13317,GA,4.7,42071
13319,GA,4.2,44068
13321,GA,4.0,47907
15001,HI,5.5,70313
15003,HI,5.3,89584
15007,HI,7.8,80517
15009,HI,7.3,80763
16001,ID,3.3,73324
16003,ID,6.6,49967
16005,ID,3.6,54538
16007,ID,3.0,55689
16009,ID,5.6,53014
16011,ID,3.2,65658
16013,ID,3.6,76301
16015,ID,5.4,55583
16017,ID,4.8,55241
16019,ID,2.9,67294
16021,ID,4.4,52193
16023,ID,3.8,52081
16025,ID,3.4,59409
16027,ID,4.0,57886
16029,ID,3.1,63719
16031,ID,2.9,64591
16033,ID,3.2,52182
16035,ID,6.5,45377
16037,ID,4.7,53278
16039,ID,3.7,49450
16041,ID,2.5,65396
16043,ID,2.9,58658
16045,ID,4.1,60526
16047,ID,3.1,57728
16049,ID,4.9,51201
16051,ID,2.7,66806
16053,ID,3.3,57342
16055,ID,4.3,66959
16057,ID,3.3,59834
16059,ID,5.3,48908
16061,ID,5.7,52255
16063,ID,4.4,58806
16065,ID,2.2,53727
16067,ID,3.1,56022
16069,ID,3.3,57839
16071,ID,2.5,69357
16073,ID,4.3,53910
16075,ID,4.0,60177
16077,ID,3.8,45404
16079,ID,6.6,44336
16081,ID,2.9,74935
16083,ID,3.6,54995
16085,ID,5.3,62600
16087,ID,4.4,49186
17001,IL,3.9,57434
17003,IL,8.1,38315
17005,IL,4.6,58209
17007,IL,8.5,82318
17009,IL,2.5,52277
17011,IL,5.0,57728
17013,IL,4.8,61648
17015,IL,4.2,53965
17017,IL,4.9,54205
17019,IL,4.8,64387
17021,IL,5.4,56656
17023,IL,5.0,59633
17025,IL,5.5,59602
17027,IL,3.4,71883
17029,IL,5.1,46900
17031,IL,7.0,71611
17033,IL,5.0,57632
17035,IL,4.2,68683
17037,IL,5.6,68546
17039,IL,4.9,65526
17041,IL,3.7,63003
17043,IL,4.5,92101
17045,IL,4.0,52668
17047,IL,5.1,55832
17049,IL,3.9,65172
17051,IL,5.1,49030
17053,IL,4.4,58478
17055,IL,6.6,49834
17057,IL,5.7,48828
17059,IL,6.1,44282
17061,IL,4.6,51242
17063,IL,5.3,74935
17065,IL,4.3,49302
17067,IL,4.3,54076
17069,IL,6.7,39674
17071,IL,4.0,58577
17073,IL,4.9,63859
17075,IL,4.7,53633
17077,IL,5.4,45608
17079,IL,4.3,57969
17081,IL,6.2,58114
17083,IL,4.4,69341
17085,IL,4.4,56446
17087,IL,6.0,51607
17089,IL,5.9,83784
17091,IL,6.5,57413
17093,IL,4.7,97263
17095,IL,6.6,52881
17097,IL,5.3,100325
17099,IL,6.0,62714
17101,IL,6.1,47408
17103,IL,4.5,64310
17105,IL,4.9,66274
17107,IL,4.8,65255
17109,IL,4.9,52155
17111,IL,4.7,89730
17113,IL,4.6,71919
17115,IL,7.7,57601
17117,IL,4.5,53312
17119,IL,4.9,63903
17121,IL,5.8,52019
17123,IL,5.6,54022
17125,IL,5.4,53503
17127,IL,5.8,49054
17129,IL,4.1,69749
17131,IL,4.9,62857
17133,IL,3.1,90880
17135,IL,5.4,59497
17137,IL,5.0,54764
17139,IL,3.5,61022
17141,IL,5.8,71470
17143,IL,7.2,53506
17145,IL,5.8,55132
17147,IL,4.0,69521
17149,IL,4.1,48815
17151,IL,5.1,49071
17153,IL,9.3,40481
17155,IL,5.0,70070
17157,IL,4.3,56867
17159,IL,4.3,56900
17161,IL,5.6,58022
17163,IL,6.1,61863
17165,IL,6.6,45793
17167,IL,5.5,60541
17169,IL,3.9,53686
17171,IL,5.1,59285
17173,IL,4.2,64508
17175,IL,5.5,54219
17177,IL,5.5,57952
17179,IL,5.0,69874
17181,IL,5.7,55736
17183,IL,6.5,49678
17185,IL,4.5,56190
17187,IL,4.6,57964
17189,IL,3.0,69386
17191,IL,4.7,49649
17193,IL,5.0,46080
17195,IL,4.8,64413
17197,IL,5.7,90349
17199,IL,5.5,59174
17201,IL,8.4,54971
17203,IL,4.0,72980
18001,IN,2.2,58602
18003,IN,3.7,61039
18005,IN,2.9,70545
18007,IN,2.7,59663
18009,IN,3.7,49105
18011,IN,2.1,92302
18013,IN,3.2,70930
18015,IN,2.9,62388
18017,IN,3.6,50419
18019,IN,3.2,65555
18021,IN,3.6,56422
18023,IN,2.8,59503
18025,IN,3.7,46884
18027,IN,2.3,53101
18029,IN,3.0,73459
18031,IN,2.8,61561
18033,IN,2.7,62411
18035,IN,3.9,46612
18037,IN,2.4,64120
18039,IN,2.5,66801
18041,IN,4.4,53616
18043,IN,2.8,70610
18045,IN,2.9,55627
18047,IN,2.7,71828
18049,IN,3.3,55895
18051,IN,2.5,59074
18053,IN,3.7,49788
18055,IN,3.4,55213
18057,IN,2.2,96359
18059,IN,2.6,77916
18061,IN,2.7,62082
18063,IN,2.5,86905
18065,IN,3.2,54002
18067,IN,6.2,59309
18069,IN,3.0,59252
18071,IN,3.0,62415
18073,IN,3.5,70662
18075,IN,2.7,42504
18077,IN,3.1,55588
18079,IN,3.7,60526
18081,IN,2.6,76868
18083,IN,2.8,44842
18085,IN,2.7,62269
18087,IN,2.0,72513
18089,IN,6.1,59158
18091,IN,5.1,63999
18093,IN,3.5,63904
18095,IN,4.1,51718
18097,IN,4.4,56185
18099,IN,2.7,57657
18101,IN,2.5,46486
18103,IN,4.4,54439
18105,IN,2.9,61808
18107,IN,2.6,58867
18109,IN,2.9,67004
18111,IN,3.8,59246
18113,IN,3.3,62173
18115,IN,2.5,63210
18117,IN,4.2,52029
18119,IN,3.6,53893
18121,IN,2.9,54125
18123,IN,3.1,44011
18125,IN,3.4,58220
18127,IN,3.9,78732
18129,IN,2.6,63801
18131,IN,2.9,52609
18133,IN,3.1,66613
18135,IN,2.9,67178
18137,IN,2.8,58849
18139,IN,2.8,67318
18141,IN,4.2,60070
18143,IN,3.9,59286
18145,IN,3.0,59252
18147,IN,2.7,66667
18149,IN,4.3,51996
18151,IN,2.5,62273
18153,IN,3.8,45227
18155,IN,3.5,55618
18157,IN,3.3,52806
18159,IN,3.0,76368
18161,IN,2.4,59098
18163,IN,3.6,49482
18165,IN,4.0,52433
18167,IN,4.3,45897
18169,IN,2.9,55750
18171,IN,2.6,68135
18173,IN,2.6,82453
18175,IN,3.1,49494
18177,IN,3.6,49798
18179,IN,2.6,66597
18181,IN,2.6,57787
18183,IN,2.7,61841
19001,IA,3.1,55265
19003,IA,3.0,56291
19005,IA,4.6,55320
19007,IA,4.3,49737
19009,IA,3.2,56338
19011,IA,4.5,72308
19013,IA,4.6,56091
19015,IA,3.5,70656
19017,IA,3.2,74596
19019,IA,3.7,66852
19021,IA,3.2,61189
19023,IA,3.8,54822
19025,IA,3.9,62000
19027,IA,3.1,61701
19029,IA,3.7,55301
19031,IA,3.8,68592
19033,IA,4.3,57659
19035,IA,3.4,61360
19037,IA,3.6,63869
19039,IA,4.3,69923
19041,IA,3.6,59940
19043,IA,5.1,56256
19045,IA,5.3,56017
19047,IA,5.2,56707
19049,IA,2.9,92025
19051,IA,3.3,57225
19053,IA,3.3,46373
19055,IA,3.3,66364
19057,IA,6.3,55153
19059,IA,3.9,67477
19061,IA,4.4,65986
19063,IA,4.1,57652
19065,IA,4.7,53254
19067,IA,4.3,60790
19069,IA,3.7,59596
19071,IA,2.9,62234
19073,IA,3.4,54857
19075,IA,3.6,71837
19077,IA,4.2,65344
19079,IA,4.2,61650
19081,IA,3.8,58053
19083,IA,4.2,58502
19085,IA,3.9,63118
19087,IA,4.2,56260
19089,IA,3.8,60034
19091,IA,3.5,62071
19093,IA,3.2,56096
19095,IA,3.8,67820
19097,IA,5.0,61538
19099,IA,4.3,63458
19101,IA,4.2,52830
19103,IA,3.7,68790
19105,IA,4.5,61736
19107,IA,4.4,54790
19109,IA,3.3,65006
19111,IA,5.9,58619
19113,IA,5.0,69559
19115,IA,4.3,72404
19117,IA,3.1,48662
19119,IA,2.3,67280
19121,IA,4.5,75563
19123,IA,3.7,59704
19125,IA,3.1,64327
19127,IA,6.5,64341
19129,IA,3.5,76010
19131,IA,3.0,67127
19133,IA,4.4,58079
19135,IA,4.1,58297
19137,IA,4.1,54767
19139,IA,4.7,62877
19141,IA,3.0,63559
19143,IA,2.4,63695
19145,IA,4.1,52739
19147,IA,3.3,63164
19149,IA,3.0,72261
19151,IA,3.1,56360
19153,IA,4.5,67821
19155,IA,4.3,61607
19157,IA,4.4,60023
19159,IA,3.4,53466
19161,IA,3.3,54107
19163,IA,5.4,67038
19165,IA,3.2,54234
19167,IA,2.4,74868
19169,IA,3.0,61341
19171,IA,4.7,58329
19173,IA,3.1,70519
19175,IA,4.5,48862
19177,IA,3.8,51908
19179,IA,5.0,49060
19181,IA,3.7,82206
19183,IA,3.8,65061
19185,IA,3.7,52016
19187,IA,4.6,58355
19189,IA,4.2,52706
19191,IA,4.1,61813
19193,IA,4.3,60553
19195,IA,4.2,54474
19197,IA,4.1,57133
20001,KS,3.0,48616
20003,KS,2.5,53936
20005,KS,3.8,56691
20007,KS,1.9,52749
20009,KS,2.9,51149
20011,KS,3.7,49821
20013,KS,2.7,49483
20015,KS,3.5,71827
20017,KS,2.4,57338
20019,KS,4.0,43155
20021,KS,2.9,48336
20023,KS,1.8,50623
20025,KS,1.8,58365
20027,KS,2.6,53119
20029,KS,2.8,55001
20031,KS,3.2,59142
20033,KS,2.1,49314
20035,KS,3.4,51398
20037,KS,3.2,46714
20039,KS,2.6,48189
20041,KS,3.0,56755
20043,KS,2.7,57012
20045,KS,3.1,65149
20047,KS,2.1,51756
20049,KS,2.8,45974
20051,KS,1.9,55505
20053,KS,2.2,53443
20055,KS,2.1,65023
20057,KS,2.1,54442
20059,KS,3.1,60899
20061,KS,4.3,50102
20063,KS,1.9,57676
20065,KS,2.9,47104
20067,KS,3.0,67764
20069,KS,1.7,72095
20071,KS,1.2,66089
20073,KS,2.8,50399
20075,KS,1.4,61342
20077,KS,2.6,48275
20079,KS,2.9,63861
20081,KS,1.8,66053
20083,KS,1.8,60414
20085,KS,2.6,57871
20087,KS,3.0,63712
20089,KS,2.2,46688
20091,KS,2.7,91799
20093,KS,1.6,66713
20095,KS,3.1,58678
20097,KS,2.1,56664
20099,KS,3.4,50222
20101,KS,2.0,60530
20103,KS,3.3,76429
20105,KS,2.2,50231
20107,KS,4.3,55006
20109,KS,1.6,56833
20111,KS,2.8,56290
20113,KS,2.1,68904
20115,KS,2.4,53709
20117,KS,1.9,56429
20119,KS,2.2,52590
20121,KS,2.9,78717
20123,KS,2.0,53745
20125,KS,3.9,44071
20127,KS,2.4,53793
20129,KS,2.6,56878
20131,KS,1.8,62744
20133,KS,4.3,56085
20135,KS,2.2,55311
20137,KS,1.8,47512
20139,KS,3.0,55287
20141,KS,1.8,47811
20143,KS,2.8,60560
20145,KS,2.2,53821
20147,KS,2.1,56047
20149,KS,2.5,75476
20151,KS,2.2,62958
20153,KS,1.6,54417
20155,KS,3.2,57611
20157,KS,2.3,52537
20159,KS,2.4,59659
20161,KS,2.8,56333
20163,KS,2.4,51376
20165,KS,2.4,50673
20167,KS,2.4,56536
20169,KS,3.0,56928
20171,KS,1.6,68514
20173,KS,4.6,59789
20175,KS,2.8,54330
20177,KS,3.1,56191
20179,KS,1.8,58186
20181,KS,2.5,52718
20183,KS,1.7,49114
20185,KS,2.2,55004
20187,KS,1.9,68439
20189,KS,2.1,66592
20191,KS,4.1,56609
20193,KS,1.8,65158
20195,KS,2.1,60246
20197,KS,2.5,64886
20199,KS,1.7,57386
20201,KS,1.7,51751
20203,KS,2.0,61326
20205,KS,4.0,50472
20207,KS,3.5,45357
20209,KS,4.7,52223
21001,KY,5.0,42429
21003,KY,4.0,49980
21005,KY,4.0,65443
21007,KY,5.0,48623
21009,KY,5.3,45298
21011,KY,5.8,41778
21013,KY,5.7,30202
21015,KY,3.8,82393
21017,KY,3.9,52368
21019,KY,6.2,54694
21021,KY,5.0,53374
21023,KY,4.7,55112
21025,KY,8.6,33852
21027,KY,5.2,50292
21029,KY,4.6,71835
21031,KY,4.6,44933
21033,KY,4.2,47670
21035,KY,4.5,47438
21037,KY,4.0,64151
21039,KY,3.8,46935
21041,KY,4.1,52640
21043,KY,7.8,44720
21045,KY,4.1,35069
21047,KY,5.8,46950
21049,KY,4.4,58340
21051,KY,6.8,26866
21053,KY,4.4,37428
21055,KY,4.3,46844
21057,KY,3.5,38275
21059,KY,4.3,54948
21061,KY,5.1,44459
21063,KY,8.4,35030
21065,KY,5.2,39719
21067,KY,3.9,60215
21069,KY,4.9,44691
21071,KY,7.1,35087
21073,KY,4.4,59911
21075,KY,5.3,36421
21077,KY,4.3,55650
21079,KY,4.5,54951
21081,KY,4.5,56274
21083,KY,4.4,44475
21085,KY,5.6,42297
21087,KY,3.7,41322
21089,KY,6.8,55777
21091,KY,4.4,57111
21093,KY,4.7,56557
21095,KY,8.6,30745
21097,KY,3.9,55934
21099,KY,4.4,41608
21101,KY,4.5,54701
21103,KY,4.0,53170
21105,KY,4.5,46553
21107,KY,5.1,47631
21109,KY,6.3,35889
21111,KY,4.8,62067
21113,KY,4.0,67610
21115,KY,7.3,40455
21117,KY,4.2,66015
21119,KY,7.2,33253
21121,KY,6.2,31568
21123,KY,4.9,50980
21125,KY,4.5,50743
21127,KY,6.4,38213
21129,KY,5.6,30575
21131,KY,8.1,39098
21133,KY,7.6,36259
21135,KY,7.6,39288
21137,KY,5.6,43748
21139,KY,6.1,52994
21141,KY,3.8,51905
21143,KY,4.5,51970
21145,KY,5.0,50650
21147,KY,5.7,31453
21149,KY,4.3,48088
21151,KY,4.1,55336
21153,KY,12.5,32389
21155,KY,4.4,57062
21157,KY,4.7,56286
21159,KY,9.3,30320
21161,KY,5.5,49216
21163,KY,5.3,56845
21165,KY,6.9,40773
21167,KY,4.6,53743
21169,KY,5.4,39993
21171,KY,4.0,38449
21173,KY,5.3,51234
21175,KY,5.8,38274
21177,KY,6.6,45599
21179,KY,4.3,68264
21181,KY,4.3,48290
21183,KY,5.5,48621
21185,KY,3.6,105897
21187,KY,4.3,45177
21189,KY,7.0,25997
21191,KY,4.1,60824
21193,KY,6.3,35555
21195,KY,6.4,38917
21197,KY,4.8,40215
21199,KY,4.9,44717
21201,KY,4.2,49529
21203,KY,5.0,42205
21205,KY,5.3,46535
21207,KY,5.4,41088
21209,KY,3.7,70526
21211,KY,3.8,75600
21213,KY,4.2,56107
21215,KY,4.2,83583
21217,KY,3.9,48384
21219,KY,3.6,50393
21221,KY,5.1,50258
21223,KY,4.8,64971
21225,KY,4.4,53064
21227,KY,4.3,56552
21229,KY,3.9,51897
21231,KY,5.1,36628
21233,KY,4.5,52901
21235,KY,5.0,34559
21237,KY,5.9,33757
21239,KY,3.4,69544
22001,LA,4.9,45183
22003,LA,5.5,49671
22005,LA,4.2,88680
22007,LA,7.2,52046
22009,LA,5.2,40448
22011,LA,4.1,53708
22013,LA,5.7,39695
22015,LA,3.9,53225
22017,LA,6.2,43216
22019,LA,5.6,57252
22021,LA,4.6,42490
22023,LA,3.5,60887
22025,LA,5.1,39222
22027,LA,4.9,37407
22029,LA,5.9,37546
22031,LA,4.8,43733
22033,LA,5.3,57099
22035,LA,9.9,32813
22037,LA,4.5,52158
22039,LA,5.4,38415
22041,LA,5.8,42706
22043,LA,4.0,56380
22045,LA,6.9,50449
22047,LA,7.2,36990
22049,LA,3.8,41940
22051,LA,6.0,58586
22053,LA,4.7,47924
22055,LA,4.5,59362
22057,LA,4.6,56743
22059,LA,3.3,48306
22061,LA,4.3,44728
22063,LA,3.8,61680
22065,LA,6.7,33841
22067,LA,7.3,36290
22069,LA,4.7,44720
22071,LA,8.3,51704
22073,LA,5.0,45251
22075,LA,4.3,55861
22077,LA,5.7,49583
22079,LA,4.0,45130
22081,LA,4.3,42135
22083,LA,5.2,43794
22085,LA,3.7,38833
22087,LA,6.8,50790
22089,LA,5.0,69889
22091,LA,9.2,40709
22093,LA,7.4,58309
22095,LA,8.5,56697
22097,LA,6.3,39153
22099,LA,5.6,48524
22101,LA,6.7,47236
22103,LA,3.8,67462
22105,LA,6.4,47272
22107,LA,5.9,33294
22109,LA,5.8,55402
22111,LA,4.8,42342
22113,LA,5.0,52709
22115,LA,4.6,55124
22117,LA,5.9,38604
22119,LA,5.5,41747
22121,LA,4.9,62919
22123,LA,6.3,38513
22125,LA,3.7,58499
22127,LA,4.8,42991
23001,ME,4.9,57723
23003,ME,5.7,45523
23005,ME,4.0,75455
23007,ME,5.3,49317
23009,ME,5.0,58466
23011,ME,4.3,53876
23013,ME,4.4,66058
23015,ME,4.4,64825
23017,ME,5.6,47611
23019,ME,4.7,52079
23021,ME,5.0,48769
23023,ME,3.7,68433
23025,ME,6.3,43694
23027,ME,4.7,56085
23029,ME,6.5,48582
23031,ME,4.5,67965
24001,MD,6.4,53023
24003,MD,4.7,105979
24005,MD,5.7,79974
24009,MD,4.6,111665
24011,MD,4.7,60617
24013,MD,4.2,104817
24015,MD,5.2,84248
24017,MD,5.7,102681
24019,MD,5.6,54846
24021,MD,4.8,99254
24023,MD,5.2,56929
24025,MD,4.8,102537
24027,MD,4.3,124042
24029,MD,5.5,64437
24031,MD,5.5,115394
24033,MD,7.5,85246
24035,MD,4.4,93427
24037,MD,4.5,105197
24039,MD,7.6,51787
24041,MD,5.3,69311
24043,MD,5.4,63237
24045,MD,6.1,59387
24047,MD,8.2,62481
24510,MD,7.6,51485
25001,MA,6.7,76287
25003,MA,6.7,65458
25005,MA,6.5,71998
25007,MA,6.5,80459
25009,MA,6.4,88269
25011,MA,5.0,62920
25013,MA,7.6,61600
25015,MA,4.7,73864
25017,MA,4.6,111158
25019,MA,7.7,95713
25021,MA,5.1,106348
25023,MA,6.1,88420
25025,MA,6.0,85221
25027,MA,5.9,77931
26001,MI,7.1,45573
26003,MI,8.0,51126
26005,MI,4.7,63732
26007,MI,5.5,40442
26009,MI,7.0,58738
26011,MI,8.3,50286
26013,MI,7.9,48846
26015,MI,4.6,68693
26017,MI,6.1,55860
26019,MI,6.0,64526
26021,MI,5.8,56346
26023,MI,5.0,51757
26025,MI,6.6,52310
26027,MI,5.1,61180
26029,MI,6.0,66728
26031,MI,8.3,50788
26033,MI,6.5,52579
26035,MI,8.0,43726
26037,MI,4.4,76367
26039,MI,7.1,49625
26041,MI,6.2,49414
26043,MI,4.8,59408
26045,MI,5.3,67658
26047,MI,6.4,60401
26049,MI,7.6,48721
26051,MI,7.1,48694
26053,MI,5.5,48975
26055,MI,5.0,67290
26057,MI,5.6,54161
26059,MI,5.5,54974
26061,MI,5.0,47399
26063,MI,5.4,53616
26065,MI,5.6,62711
26067,MI,4.8,58371
26069,MI,7.2,43450
26071,MI,6.1,45098
26073,MI,5.3,53607
26075,MI,5.7,57267
26077,MI,5.0,63279
26079,MI,7.3,52903
26081,MI,4.7,65012
26083,MI,6.7,49890
26085,MI,8.2,39971
26087,MI,6.1,68959
26089,MI,5.2,77687
26091,MI,5.5,58849
26093,MI,4.2,87686
26095,MI,7.1,48764
26097,MI,8.6,48480
26099,MI,5.9,64870
26101,MI,7.3,53488
26103,MI,5.4,52793
26105,MI,6.4,52571
26107,MI,6.4,52949
26109,MI,4.5,53031
26111,MI,4.9,65249
26113,MI,5.6,51030
26115,MI,6.0,69182
26117,MI,5.6,52589
26119,MI,9.4,43350
26121,MI,7.5,58445
26123,MI,5.6,51122
26125,MI,4.7,82849
26127,MI,7.4,52388
26129,MI,7.8,46144
26131,MI,7.6,43309
26133,MI,5.5,51474
26135,MI,9.1,43683
26137,MI,6.8,61330
26139,MI,4.1,77465
26141,MI,7.9,49713
26143,MI,9.6,43551
26145,MI,7.1,51893
26147,MI,5.9,59138
26149,MI,5.1,54896
26151,MI,6.1,51171
26153,MI,8.0,49684
26155,MI,5.7,59733
26157,MI,6.3,51940
26159,MI,6.1,56526
26161,MI,4.3,77019
26163,MI,8.0,51777
26165,MI,6.0,56550
27001,MN,4.7,49822
27003,MN,3.4,84779
27005,MN,3.4,60159
27007,MN,3.7,58138
27009,MN,4.3,70143
27011,MN,3.5,54796
27013,MN,3.1,67193
27015,MN,3.1,61978
27017,MN,4.0,67695
27019,MN,2.7,107932
27021,MN,4.4,52271
27023,MN,3.0,63406
27025,MN,3.7,85178
27027,MN,2.7,74266
27029,MN,5.8,51147
27031,MN,4.5,58561
27033,MN,3.4,53525
27035,MN,4.0,58213
27037,MN,3.1,90562
27039,MN,3.1,77340
27041,MN,2.8,69848
27043,MN,3.8,55599
27045,MN,3.0,66204
27047,MN,3.5,62233
27049,MN,3.2,73474
27051,MN,3.7,66740
27053,MN,3.4,81772
27055,MN,2.9,61117
27057,MN,4.1,62750
27059,MN,4.1,73401
27061,MN,4.7,59365
27063,MN,3.1,62766
27065,MN,5.3,62422
27067,MN,3.6,65344
27069,MN,2.9,51016
27071,MN,4.4,56870
27073,MN,2.8,65446
27075,MN,3.6,63741
27077,MN,3.7,57302
27079,MN,4.1,78559
27081,MN,3.3,57252
27083,MN,2.7,63255
27085,MN,3.4,76095
27087,MN,5.9,48951
27089,MN,4.2,62240
27091,MN,3.2,58578
27093,MN,3.4,66861
27095,MN,5.2,55547
27097,MN,4.4,62618
27099,MN,3.1,61565
27101,MN,3.8,63414
27103,MN,2.8,75827
27105,MN,2.9,63011
27107,MN,3.9,50573
27109,MN,2.8,82683
27111,MN,3.4,67329
27113,MN,3.7,64240
27115,MN,5.0,58733
27117,MN,2.9,58662
27119,MN,3.8,60068
27121,MN,2.8,64306
27123,MN,3.8,66123
27125,MN,4.0,68683
27127,MN,3.4,61316
27129,MN,3.9,56296
27131,MN,3.2,74301
27133,MN,1.9,64588
27135,MN,2.9,61775
27137,MN,3.8,57972
27139,MN,3.0,99924
27141,MN,3.5,92673
27143,MN,3.6,61225
27145,MN,3.6,66317
27147,MN,3.3,70532
27149,MN,2.4,68234
27151,MN,3.7,59165
27153,MN,3.7,52842
27155,MN,3.1,56085
27157,MN,3.0,74348
27159,MN,4.5,46968
27161,MN,3.9,66523
27163,MN,2.9,101409
27165,MN,3.0,60656
27167,MN,2.8,65769
27169,MN,2.9,65302
27171,MN,3.1,85855
27173,MN,3.0,62290
28001,MS,8.2,36519
28003,MS,4.8,46368
28005,MS,7.3,42649
28007,MS,6.0,40985
28009,MS,6.4,38972
28011,MS,6.9,36034
28013,MS,5.2,42107
28015,MS,5.8,46814
28017,MS,6.3,40471
28019,MS,4.8,43449
28021,MS,11.7,34551
28023,MS,6.3,38314
28025,MS,7.2,36536
28027,MS,8.8,30047
28029,MS,6.5,41476
28031,MS,5.1,42221
28033,MS,4.4,66532
28035,MS,5.7,42082
28037,MS,6.8,41548
28039,MS,7.0,49995
28041,MS,7.6,46493
28043,MS,5.0,42577
28045,MS,5.8,55710
28047,MS,5.5,47505
28049,MS,6.2,44671
28051,MS,11.0,30003
28053,MS,12.7,30474
28055,MS,9.3,32675
28057,MS,4.3,48097
28059,MS,6.0,55831
28061,MS,7.3,42806
28063,MS,16.6,32683
28065,MS,7.7,35567
28067,MS,5.7,49115
28069,MS,7.4,37305
28071,MS,4.1,55786
28073,MS,4.1,62527
28075,MS,5.4,44821
28077,MS,6.9,36272
28079,MS,5.6,43614
28081,MS,4.6,57936
28083,MS,8.1,34818
28085,MS,5.0,44695
28087,MS,5.9,47860
28089,MS,4.3,67151
28091,MS,5.3,38727
28093,MS,5.8,46117
28095,MS,5.2,49114
28097,MS,6.1,40300
28099,MS,5.6,49215
28101,MS,5.4,49925
28103,MS,8.9,35880
28105,MS,5.5,44234
28107,MS,7.1,41060
28109,MS,5.6,50611
28111,MS,6.5,47073
28113,MS,7.1,37054
28115,MS,4.4,53272
28117,MS,4.4,44543
28119,MS,8.5,31077
28121,MS,3.6,68583
28123,MS,4.7,42069
28125,MS,9.4,46163
28127,MS,5.2,41988
28129,MS,4.5,48968
28131,MS,5.4,51493
28133,MS,9.1,35149
28135,MS,6.1,35150
28137,MS,5.6,61751
28139,MS,4.6,45568
28141,MS,4.6,48897
28143,MS,8.9,36850
28145,MS,4.1,50116
28147,MS,6.9,30992
28149,MS,6.2,48283
28151,MS,8.2,35344
28153,MS,6.7,36193
28155,MS,5.4,51351
28157,MS,11.1,35394
28159,MS,6.2,44029
28161,MS,5.5,42532
28163,MS,7.3,37367
29001,MO,4.3,49175
29003,MO,3.0,69387
29005,MO,3.2,53603
29007,MO,3.7,48258
29009,MO,4.6,47853
29011,MO,3.4,46353
29013,MO,4.3,52140
29015,MO,5.7,44141
29017,MO,4.2,48198
29019,MO,3.0,62673
29021,MO,3.8,53133
29023,MO,4.7,42099
29025,MO,5.1,47870
29027,MO,3.4,61268
29029,MO,5.0,64357
29031,MO,3.6,57763
29033,MO,4.4,51891
29035,MO,5.2,38854
29037,MO,3.9,82068
29039,MO,3.7,40130
29041,MO,3.3,60521
29043,MO,3.2,67585
29045,MO,4.6,47750
29047,MO,4.9,74950
29049,MO,5.3,66492
29051,MO,3.1,63486
29053,MO,3.6,51221
29055,MO,4.5,43785
29057,MO,3.3,46535
29059,MO,4.3,43482
29061,MO,3.8,49830
29063,MO,3.8,52868
29065,MO,4.3,44057
29067,MO,4.3,46079
29069,MO,6.1,42512
29071,MO,4.0,62781
29073,MO,3.6,54487
29075,MO,2.7,48338
29077,MO,3.4,46934
29079,MO,3.6,45363
29081,MO,3.5,43642
29083,MO,4.0,53544
29085,MO,4.0,36049
29087,MO,2.9,49531
29089,MO,3.2,53190
29091,MO,4.8,45808
29093,MO,5.8,41744
29095,MO,5.5,56398
29097,MO,3.7,51329
29099,MO,4.1,67191
29101,MO,4.4,58373
29103,MO,3.1,41838
29105,MO,4.3,46191
29107,MO,4.3,62043
29109,MO,4.0,48101
29111,MO,3.5,42710
29113,MO,4.6,70054
29115,MO,5.4,47506
29117,MO,3.0,51402
29119,MO,3.9,45446
29121,MO,3.7,49013
29123,MO,4.4,45002
29125,MO,3.8,47698
29127,MO,3.5,54230
29129,MO,2.9,45934
29131,MO,4.1,51348
29133,MO,4.7,39621
29135,MO,3.4,51138
29137,MO,4.4,48661
29139,MO,3.7,56447
29141,MO,4.7,51582
29143,MO,4.8,41553
29145,MO,3.8,52798
29147,MO,2.9,55821
29149,MO,5.3,37835
29151,MO,2.6,62679
29153,MO,5.5,38606
29155,MO,7.3,34498
29157,MO,3.2,55605
29159,MO,4.7,52261
29161,MO,3.7,50420
29163,MO,3.9,51255
29165,MO,4.0,86924
29167,MO,3.5,50691
29169,MO,4.4,59126
29171,MO,3.1,46546
29173,MO,3.4,57061
29175,MO,4.2,51924
29177,MO,6.5,64014
29179,MO,4.1,39089
29181,MO,5.5,37771
29183,MO,3.5,90567
29185,MO,4.5,41486
29186,MO,3.4,58618
29187,MO,4.8,48476
29189,MO,4.5,68964
29195,MO,3.5,52850
29197,MO,4.3,46191
29199,MO,2.6,47740
29201,MO,3.9,52864
29203,MO,5.6,37599
29205,MO,3.3,48430
29207,MO,4.5,47372
29209,MO,6.6,51797
29211,MO,4.9,43387
29213,MO,7.5,44670
29215,MO,4.6,38985
29217,MO,3.4,45874
29219,MO,4.1,69678
29221,MO,5.1,42683
29223,MO,5.0,43848
29225,MO,3.4,55431
29227,MO,2.5,44361
29229,MO,4.0,39521
29510,MO,6.4,45773
30001,MT,2.8,52613
30003,MT,7.8,42823
30005,MT,3.8,45936
30007,MT,4.0,61641
30009,MT,3.4,62465
30011,MT,2.6,48286
30013,MT,3.3,53357
30015,MT,2.7,50607
30017,MT,3.1,59804
30019,MT,1.9,50312
30021,MT,3.1,55845
30023,MT,3.3,47362
30025,MT,2.6,62597
30027,MT,3.3,49576
30029,MT,4.0,58959
30031,MT,2.4,70029
30033,MT,2.6,45892
30035,MT,7.0,40817
30037,MT,3.5,42741
30039,MT,4.4,53407
30041,MT,3.1,49734
30043,MT,3.2,80071
30045,MT,2.7,50610
30047,MT,3.8,52493
30049,MT,3.0,60664
30051,MT,2.4,53415
30053,MT,6.0,42501
30055,MT,1.8,46755
30057,MT,3.2,58201
30059,MT,2.5,43666
30061,MT,5.3,57169
30063,MT,3.4,63409
30065,MT,4.2,50533
30067,MT,3.5,56657
30069,MT,2.6,38661
30071,MT,3.8,46821
30073,MT,3.2,49447
30075,MT,2.7,60462
30077,MT,2.6,52904
30079,MT,3.6,48577
30081,MT,3.6,58781
30083,MT,4.0,69169
30085,MT,4.2,43256
30087,MT,4.0,54991
30089,MT,4.8,45805
30091,MT,3.3,50658
30093,MT,3.6,54324
30095,MT,2.9,73044
30097,MT,2.4,58746
30099,MT,3.1,55399
30101,MT,2.6,49568
30103,MT,3.2,56919
30105,MT,3.1,46766
30107,MT,5.3,39462
30109,MT,3.8,51368
30111,MT,3.2,58374
31001,NE,2.4,54445
31003,NE,1.7,54136
31005,NE,2.6,52500
31007,NE,2.1,59511
31009,NE,2.4,52780
31011,NE,1.6,56719
31013,NE,2.4,62621
31015,NE,2.0,51082
31017,NE,2.3,52962
31019,NE,2.0,68925
31021,NE,2.4,51488
31023,NE,2.2,63640
31025,NE,2.7,70106
31027,NE,1.8,61673
31029,NE,1.6,61282
31031,NE,1.6,53483
31033,NE,2.8,55172
31035,NE,2.3,63427
31037,NE,1.9,63424
31039,NE,1.7,54725
31041,NE,1.6,57873
31043,NE,3.0,61220
31045,NE,1.9,52637
31047,NE,2.1,61043
31049,NE,2.1,51261
31051,NE,2.1,60437
31053,NE,2.4,62491
31055,NE,3.0,65788
31057,NE,1.6,50299
31059,NE,1.9,59309
31061,NE,2.2,49104
31063,NE,1.7,59061
31065,NE,1.9,50762
31067,NE,2.4,61283
31069,NE,2.1,41221
31071,NE,2.0,49951
31073,NE,1.7,62698
31075,NE,1.4,62487
31077,NE,1.9,50068
31079,NE,2.9,54110
31081,NE,2.1,73759
31083,NE,1.9,55010
31085,NE,1.3,54280
31087,NE,2.3,48475
31089,NE,1.7,56777
31091,NE,1.6,53234
31093,NE,2.2,54291
31095,NE,1.8,55414
31097,NE,2.9,55062
31099,NE,1.8,62260
31101,NE,2.0,57307
31103,NE,1.7,47053
31105,NE,2.2,46782
31107,NE,2.0,51296
31109,NE,2.4,65819
31111,NE,2.2,62948
31113,NE,1.7,56283
31115,NE,2.0,56291
31117,NE,1.6,54876
31119,NE,2.4,56970
31121,NE,2.3,58437
31123,NE,2.5,54879
31125,NE,1.9,52534
31127,NE,2.2,55574
31129,NE,1.8,60636
31131,NE,2.3,68443
31133,NE,1.8,49089
31135,NE,1.4,58925
31137,NE,1.7,61442
31139,NE,2.1,56484
31141,NE,2.1,62776
31143,NE,1.9,59159
31145,NE,2.0,55657
31147,NE,2.4,51874
31149,NE,1.3,48461
31151,NE,2.3,63655
31153,NE,2.4,83104
31155,NE,2.2,72526
31157,NE,2.8,53956
31159,NE,2.5,72456
31161,NE,1.8,52051
31163,NE,2.1,49684
31165,NE,1.8,51831
31167,NE,2.1,64087
31169,NE,1.7,55775
31171,NE,2.6,55599
31173,NE,3.3,49148
31175,NE,2.1,55542
31177,NE,2.3,78844
31179,NE,1.9,64569
31181,NE,2.0,52115
31183,NE,1.2,52154
31185,NE,1.9,63249
32001,NV,3.5,61650
32003,NV,8.3,62496
32005,NV,4.5,84317
32007,NV,3.3,73914
32009,NV,3.8,35395
32011,NV,2.6,68806
32013,NV,3.4,72907
32015,NV,3.6,80894
32017,NV,3.4,60180
32019,NV,5.2,63162
32021,NV,3.8,50069
32023,NV,6.1,52783
32027,NV,3.6,65000
32029,NV,4.6,73271
32031,NV,4.3,75232
32033,NV,3.0,57923
32510,NV,4.8,58382
33001,NH,3.7,76105
33003,NH,3.8,73073
33005,NH,3.9,66398
33007,NH,4.4,49465
33009,NH,3.3,77022
33011,NH,3.6,79222
33013,NH,3.2,81132
33015,NH,3.5,96775
33017,NH,3.3,72817
33019,NH,3.3,65881
34001,NJ,9.5,61377
34003,NJ,6.0,107114
34005,NJ,5.3,92471
34007,NJ,6.8,71718
34009,NJ,8.9,75829
34011,NJ,7.7,60352
34013,NJ,8.0,65528
34015,NJ,6.0,87220
34017,NJ,6.8,77323
34019,NJ,4.6,113611
34021,NJ,5.2,87581
34023,NJ,5.7,95610
34025,NJ,5.5,104219
34027,NJ,5.0,114103
34029,NJ,6.0,78181
34031,NJ,8.4,64422
34033,NJ,7.3,65563
34035,NJ,5.1,115573
34037,NJ,5.9,92739
34039,NJ,6.7,83189
34041,NJ,5.5,80412
35001,NM,6.2,56632
35003,NM,6.2,27423
35005,NM,7.1,51441
35006,NM,9.3,42705
35007,NM,5.9,43265
35009,NM,4.9,53864
35011,NM,5.1,42319
35013,NM,6.6,46547
35015,NM,6.4,66199
35017,NM,7.3,43557
35019,NM,7.0,38903
35021,NM,4.6,39913
35023,NM,5.4,41858
35025,NM,9.6,66780
35027,NM,7.5,49115
35028,NM,3.0,111724
35029,NM,15.2,39233
35031,NM,9.6,35659
35033,NM,6.2,40618
35035,NM,6.6,46735
35037,NM,7.1,38389
35039,NM,7.0,47400
35041,NM,5.6,46351
35043,NM,6.6,71991
35045,NM,8.0,44261
35047,NM,7.3,40804
35049,NM,6.2,58898
35051,NM,8.1,36823
35053,NM,6.3,39478
35055,NM,8.9,43230
35057,NM,7.9,47266
35059,NM,4.2,42676
35061,NM,6.9,51564
36001,NY,4.4,70629
36003,NY,5.0,53371
36005,NY,13.6,44906
36007,NY,5.2,52510
36009,NY,5.3,51824
36011,NY,4.7,59335
36013,NY,5.6,50062
36015,NY,5.3,54705
36017,NY,4.4,52545
36019,NY,4.6,59741
36021,NY,3.8,66068
36023,NY,5.1,60165
36025,NY,4.6,54440
36027,NY,4.4,79276
36029,NY,5.5,59584
36031,NY,4.7,57129
36033,NY,4.7,58709
36035,NY,5.5,55405
36037,NY,4.3,62641
36039,NY,4.9,60163
36041,NY,4.4,56253
36043,NY,5.8,59893
36045,NY,5.0,57570
36047,NY,10.1,70390
36049,NY,5.0,57897
36051,NY,4.3,60947
36053,NY,4.5,64379
36055,NY,5.2,61358
36057,NY,5.7,52482
36059,NY,4.5,122730
36061,NY,7.6,87745
36063,NY,5.7,54963
36065,NY,5.1,58696
36067,NY,4.9,63963
36069,NY,4.3,62777
36071,NY,4.7,78724
36073,NY,5.2,57318
36075,NY,5.5,58439
36077,NY,4.4,58417
36079,NY,4.2,104285
36081,NY,9.6,78847
36083,NY,4.4,71457
36085,NY,8.7,81003
36087,NY,4.4,94874
36089,NY,5.1,51526
36091,NY,3.8,83427
36093,NY,4.9,66292
36095,NY,4.5,59744
36097,NY,4.9,54269
36099,NY,4.7,56929
36101,NY,5.0,54794
36103,NY,4.6,109084
36105,NY,4.9,63915
36107,NY,4.4,62400
36109,NY,3.7,65308
36111,NY,4.7,66060
36113,NY,4.9,67359
36115,NY,4.6,60973
36117,NY,4.5,62329
36119,NY,4.8,103340
36121,NY,4.5,59612
36123,NY,3.8,57057
37001,NC,4.8,53220
37003,NC,4.2,53523
37005,NC,4.6,39916
37007,NC,6.3,40818
37009,NC,4.0,44543
37011,NC,3.9,50800
37013,NC,4.8,50253
37015,NC,5.9,41889
37017,NC,5.8,43664
37019,NC,6.0,64371
37021,NC,4.2,66156
37023,NC,4.5,48729
37025,NC,4.4,79736
37027,NC,4.9,50235
37029,NC,3.9,72135
37031,NC,4.1,63475
37033,NC,5.3,48070
37035,NC,4.7,52737
37037,NC,3.6,74747
37039,NC,5.0,44449
37041,NC,4.9,45365
37043,NC,4.9,44052
37045,NC,5.3,49041
37047,NC,6.3,40712
37049,NC,4.7,53960
37051,NC,6.9,49160
37053,NC,4.1,73433
37055,NC,6.0,72962
37057,NC,4.5,56067
37059,NC,4.3,65418
37061,NC,4.4,49755
37063,NC,4.1,65619
37065,NC,8.5,45156
37067,NC,4.9,56158
37069,NC,4.7,54868
37071,NC,5.2,60622
37073,NC,4.3,57680
37075,NC,6.9,42057
37077,NC,4.0,53112
37079,NC,4.1,47605
37081,NC,5.6,55577
37083,NC,7.5,41098
37085,NC,5.3,55586
37087,NC,4.2,50492
37089,NC,4.1,60550
37091,NC,6.5,46632
37093,NC,6.4,53728
37095,NC,6.5,45548
37097,NC,4.6,61892
37099,NC,4.5,49488
37101,NC,4.2,63882
37103,NC,4.2,44972
37105,NC,5.4,57025
37107,NC,5.0,40586
37109,NC,4.1,56183
37111,NC,4.5,47579
37113,NC,4.2,51973
37115,NC,4.3,49373
37117,NC,5.5,42264
37119,NC,4.9,72340
37121,NC,5.1,49236
37123,NC,4.7,48522
37125,NC,4.6,69413
37127,NC,6.3,49883
37129,NC,4.2,65615
37131,NC,6.2,41630
37133,NC,5.1,52885
37135,NC,3.5,82732
37137,NC,4.3,50481
37139,NC,5.4,56654
37141,NC,4.2,59812
37143,NC,5.3,50813
37145,NC,5.0,58991
37147,NC,5.0,49955
37149,NC,4.7,58607
37151,NC,4.7,48849
37153,NC,7.3,42335
37155,NC,7.6,39139
37157,NC,5.5,50388
37159,NC,5.0,55398
37161,NC,6.5,44004
37163,NC,4.5,45387
37165,NC,9.5,33531
37167,NC,4.4,53769
37169,NC,4.2,59068
37171,NC,4.4,47114
37173,NC,4.5,47559
37175,NC,4.1,56880
37177,NC,7.0,42260
37179,NC,3.9,90920
37181,NC,7.9,41935
37183,NC,4.0,88763
37185,NC,7.7,42808
37187,NC,6.9,38704
37189,NC,3.7,54004
37191,NC,5.0,52906
37193,NC,4.7,46830
37195,NC,6.7,44089
37197,NC,4.2,53154
37199,NC,4.3,48662
38001,ND,3.4,50673
38003,ND,3.1,52327
38005,ND,5.0,51189
38007,ND,2.9,76478
38009,ND,4.8,61841
38011,ND,2.5,67067
38013,ND,4.3,73567
38015,ND,3.1,72170
38017,ND,2.9,61338
38019,ND,3.1,54270
38021,ND,2.7,60682
38023,ND,2.4,64594
38025,ND,3.3,73722
38027,ND,4.0,54285
38029,ND,4.6,49972
38031,ND,2.8,63234
38033,ND,2.7,57596
38035,ND,3.2,55495
38037,ND,2.7,48063
38039,ND,2.8,53751
38041,ND,3.2,53222
38043,ND,5.2,49386
38045,ND,2.3,58302
38047,ND,3.0,47908
38049,ND,4.3,59052
38051,ND,3.5,48839
38053,ND,5.5,84705
38055,ND,3.7,70835
38057,ND,4.7,79608
38059,ND,3.8,71928
38061,ND,3.5,68465
38063,ND,3.7,53008
38065,ND,3.8,66708
38067,ND,4.8,61595
38069,ND,3.4,50827
38071,ND,3.3,57984
38073,ND,2.6,65039
38075,ND,3.4,67054
38077,ND,2.7,65530
38079,ND,10.6,45178
38081,ND,2.7,68769
38083,ND,5.3,46424
38085,ND,3.5,36182
38087,ND,2.8,53330
38089,ND,4.7,66105
38091,ND,3.0,68163
38093,ND,3.0,59948
38095,ND,3.3,57509
38097,ND,3.0,70384
38099,ND,4.6,57557
38101,ND,4.3,64346
38103,ND,4.2,56827
38105,ND,6.7,79483
39001,OH,6.3,42342
39003,OH,5.7,52558
39005,OH,4.3,55699
39007,OH,5.5,51252
39009,OH,5.6,42215
39011,OH,3.7,69468
39013,OH,6.1,50626
39015,OH,5.3,58067
39017,OH,4.5,69049
39019,OH,5.7,52065
39021,OH,4.4,64142
39023,OH,5.3,54507
39025,OH,4.3,72740
39027,OH,5.5,53891
39029,OH,5.7,49342
39031,OH,5.8,47794
39033,OH,5.8,45952
39035,OH,6.5,55128
39037,OH,3.9,57932
39039,OH,4.7,61816
39041,OH,3.6,114423
39043,OH,6.3,66252
39045,OH,4.3,74987
39047,OH,4.8,50125
39049,OH,5.0,62643
39051,OH,4.7,60550
39053,OH,5.6,50642
39055,OH,4.1,84510
39057,OH,4.3,71673
39059,OH,5.6,45808
39061,OH,4.9,63919
39063,OH,4.1,61473
39065,OH,5.2,45312
39067,OH,6.2,49088
39069,OH,5.2,64694
39071,OH,5.6,57155
39073,OH,4.8,53838
39075,OH,2.8,67967
39077,OH,5.8,62143
39079,OH,6.1,49636
39081,OH,6.5,49642
39083,OH,4.0,68050
39085,OH,5.1,69853
39087,OH,5.1,47299
39089,OH,4.1,68982
39091,OH,4.1,61797
39093,OH,5.8,59954
39095,OH,6.2,51642
39097,OH,3.8,72834
39099,OH,6.3,48937
39101,OH,4.7,52226
39103,OH,4.3,79504
39105,OH,6.6,44622
39107,OH,3.1,69588
39109,OH,4.3,63699
39111,OH,7.3,48944
39113,OH,5.6,54692
39115,OH,6.2,45698
39117,OH,4.5,68159
39119,OH,5.1,52457
39121,OH,6.8,52583
39123,OH,6.1,65582
39125,OH,4.3,62062
39127,OH,5.6,56048
39129,OH,4.5,64412
39131,OH,6.3,46413
39133,OH,4.7,64250
39135,OH,4.1,60856
39137,OH,3.4,72299
39139,OH,5.6,52295
39141,OH,4.8,49543
39143,OH,5.2,60455
39145,OH,6.2,44297
39147,OH,4.7,58129
39149,OH,4.2,67582
39151,OH,5.2,57364
39153,OH,5.4,60715
39155,OH,6.4,48929
39157,OH,4.6,58256
39159,OH,3.5,92198
39161,OH,3.9,57863
39163,OH,6.2,49778
39165,OH,4.0,90600
39167,OH,5.5,53450
39169,OH,3.6,67708
39171,OH,4.3,52458
39173,OH,4.3,67865
39175,OH,3.5,63516
40001,OK,3.7,36749
40003,OK,2.3,51157
40005,OK,4.7,42618
40007,OK,1.7,61477
40009,OK,4.3,47625
40011,OK,3.0,55643
40013,OK,3.3,45213
40015,OK,3.7,48380
40017,OK,3.2,75452
40019,OK,4.4,46781
40021,OK,4.1,49553
40023,OK,5.2,41622
40025,OK,1.8,50804
40027,OK,3.2,64011
40029,OK,4.5,41162
40031,OK,4.1,54007
40033,OK,4.1,46266
40035,OK,3.6,43804
40037,OK,4.2,49954
40039,OK,3.2,55826
40041,OK,3.3,43147
40043,OK,2.7,56711
40045,OK,2.8,56763
40047,OK,3.4,61501
40049,OK,3.8,47391
40051,OK,3.5,58621
40053,OK,2.5,51399
40055,OK,5.1,42010
40057,OK,2.5,40246
40059,OK,2.5,57833
40061,OK,5.2,41253
40063,OK,5.2,39333
40065,OK,2.8,56779
40067,OK,4.0,43014
40069,OK,4.6,45361
40071,OK,4.3,50256
40073,OK,2.6,71450
40075,OK,3.3,40112
40077,OK,7.3,40831
40079,OK,4.7,40632
40081,OK,3.5,56957
40083,OK,3.3,72617
40085,OK,2.6,54219
40087,OK,3.1,68563
40089,OK,4.4,45380
40091,OK,6.1,37535
40093,OK,3.1,54851
40095,OK,3.7,51072
40097,OK,3.7,50905
40099,OK,3.9,55318
40101,OK,4.3,42607
40103,OK,2.5,56632
40105,OK,3.5,45719
40107,OK,4.9,45823
40109,OK,4.1,55332
40111,OK,5.2,50442
40113,OK,4.2,50490
40115,OK,3.2,40249
40117,OK,4.1,51960
40119,OK,3.2,39681
40121,OK,5.2,50416
40123,OK,3.3,50587
40125,OK,3.9,50118
40127,OK,4.2,38912
40129,OK,2.9,51279
40131,OK,3.5,67243
40133,OK,5.1,42418
40135,OK,4.3,47188
40137,OK,4.5,52905
40139,OK,1.8,61334
40141,OK,4.2,41610
40143,OK,4.0,58863
40145,OK,3.5,66375
40147,OK,3.8,48144
40149,OK,4.3,51270
40151,OK,2.1,52504
40153,OK,4.2,54328
41001,OR,5.1,44872
41003,OR,3.9,66378
41005,OR,4.8,82539
41007,OR,6.0,63238
41009,OR,5.8,73023
41011,OR,6.3,50848
41013,OR,6.7,68598
41015,OR,6.7,48377
41017,OR,5.3,66467
41019,OR,5.8,52355
41021,OR,4.8,63088
41023,OR,6.7,50819
41025,OR,5.1,48790
41027,OR,4.5,81718
41029,OR,5.4,57334
41031,OR,6.5,63683
41033,OR,6.2,47740
41035,OR,6.7,49675
41037,OR,5.5,48669
41039,OR,5.5,58818
41041,OR,6.8,53883
41043,OR,5.6,65516
41045,OR,4.4,46278
41047,OR,5.1,64990
41049,OR,4.6,59956
41051,OR,5.6,74707
41053,OR,4.8,66973
41055,OR,4.3,62271
41057,OR,5.5,57533
41059,OR,5.2,62560
41061,OR,5.6,58779
41063,OR,5.4,51506
41065,OR,5.2,55519
41067,OR,4.4,85385
41069,OR,3.3,43367
41071,OR,4.7,68266
42001,PA,4.4,70470
42003,PA,6.1,64236
42005,PA,7.6,52958
42007,PA,7.2,56649
42009,PA,5.9,52643
42011,PA,6.6,70057
42013,PA,6.0,52177
42015,PA,5.6,55787
42017,PA,5.3,92441
42019,PA,5.6,74721
42021,PA,7.0,48653
42023,PA,7.7,46151
42025,PA,6.7,60593
42027,PA,4.6,62795
42029,PA,4.2,107491
42031,PA,6.5,52642
42033,PA,7.0,48794
42035,PA,6.7,54652
42037,PA,5.9,56176
42039,PA,6.7,52372
42041,PA,4.6,69546
42043,PA,6.3,63265
42045,PA,6.3,75174
42047,PA,6.9,52952
42049,PA,7.3,55181
42051,PA,8.7,45256
42053,PA,8.3,40667
42055,PA,5.1,57812
42057,PA,6.3,61202
42059,PA,7.3,59324
42061,PA,7.3,55282
42063,PA,7.1,53533
42065,PA,6.5,52856
42067,PA,5.0,59591
42069,PA,6.9,56911
42071,PA,4.9,73006
42073,PA,7.6,50373
42075,PA,5.5,63605
42077,PA,6.8,65733
42079,PA,8.3,52281
42081,PA,6.7,56751
42083,PA,6.9,52359
42085,PA,7.1,51743
42087,PA,6.1,54517
42089,PA,7.7,71686
42091,PA,5.0,94094
42093,PA,4.4,63341
42095,PA,5.9,73903
42097,PA,6.8,47825
42099,PA,4.7,68991
42101,PA,9.2,55102
42103,PA,7.3,66614
42105,PA,6.8,51744
42107,PA,6.8,52307
42109,PA,5.2,58474
42111,PA,6.7,51916
42113,PA,7.4,52821
42115,PA,5.5,55560
42117,PA,6.6,47683
42119,PA,4.7,62306
42121,PA,6.8,52559
42123,PA,6.7,52729
42125,PA,6.6,65808
42127,PA,6.6,55627
42129,PA,6.3,59349
42131,PA,6.3,59305
42133,PA,5.4,71655
44001,RI,4.7,94591
44003,RI,5.2,82413
44005,RI,4.9,81218
44007,RI,6.0,67752
44009,RI,4.9,83925
45001,SC,4.5,47219
45003,SC,3.4,57128
45005,SC,7.8,32701
45007,SC,3.7,52667
45009,SC,7.5,39969
45011,SC,6.5,41717
45013,SC,3.5,76515
45015,SC,3.6,70371
45017,SC,4.5,50977
45019,SC,3.6,72451
45021,SC,5.1,45085
45023,SC,5.9,45366
45025,SC,4.5,44792
45027,SC,4.9,52983
45029,SC,4.4,44399
45031,SC,4.5,42082
45033,SC,5.8,40930
45035,SC,3.6,62928
45037,SC,3.4,55005
45039,SC,5.8,45648
45041,SC,4.1,47429
45043,SC,4.8,57991
45045,SC,3.4,62475
45047,SC,4.5,43711
45049,SC,3.6,43614
45051,SC,5.1,55055
45053,SC,3.4,48988
45055,SC,3.7,60397
45057,SC,4.4,63019
45059,SC,4.3,43766
45061,SC,5.6,40400
45063,SC,3.0,62839
45065,SC,4.8,50698
45067,SC,6.6,38498
45069,SC,7.8,38877
45071,SC,3.3,52202
45073,SC,3.6,58061
45075,SC,7.1,41335
45077,SC,3.5,54588
45079,SC,4.1,56993
45081,SC,3.1,46216
45083,SC,4.0,53485
45085,SC,4.6,45724
45087,SC,6.5,46567
45089,SC,6.1,38186
45091,SC,3.7,72579
46003,SD,2.4,54916
46005,SD,2.8,54033
46007,SD,4.3,45478
46009,SD,2.8,52890
46011,SD,3.2,64542
46013,SD,3.0,64993
46015,SD,2.5,56691
46017,SD,5.4,22901
46019,SD,3.4,52346
46021,SD,3.4,52931
46023,SD,3.7,44865
46025,SD,3.7,54164
46027,SD,3.0,49834
46029,SD,3.1,62123
46031,SD,4.7,29860
46033,SD,4.0,66654
46035,SD,2.8,53664
46037,SD,4.3,50445
46039,SD,4.2,58488
46041,SD,5.9,40429
46043,SD,2.5,59404
46045,SD,2.7,56671
46047,SD,4.0,48927
46049,SD,2.7,50213
46051,SD,3.4,59637
46053,SD,2.8,43060
46055,SD,2.8,50898
46057,SD,2.4,62651
46059,SD,2.5,59237
46061,SD,4.0,62597
46063,SD,2.8,58732
46065,SD,2.4,70615
46067,SD,3.1,54669
46069,SD,2.6,55510
46071,SD,4.4,36853
46073,SD,2.2,49086
46075,SD,3.4,49156
46077,SD,2.9,56758
46079,SD,3.0,65643
46081,SD,3.0,56366
46083,SD,2.4,86972
46085,SD,4.4,43531
46087,SD,2.8,64693
46089,SD,4.2,44625
46091,SD,3.5,56885
46093,SD,3.0,58406
46095,SD,4.5,37844
46097,SD,3.1,49824
46099,SD,2.9,64526
46101,SD,2.8,73264
46102,SD,8.7,32195
46103,SD,3.2,62214
46105,SD,3.1,46786
46107,SD,3.0,57324
46109,SD,4.6,50673
46111,SD,3.0,51952
46115,SD,3.2,53282
46117,SD,3.0,76413
46119,SD,3.8,59157
46121,SD,4.8,31256
46123,SD,2.4,46162
46125,SD,2.7,62754
46127,SD,3.6,82574
46129,SD,5.5,45288
46135,SD,2.7,57075
46137,SD,4.5,31599
47001,TN,3.8,53002
47003,TN,4.1,58593
47005,TN,4.8,44759
47007,TN,5.2,45780
47009,TN,3.4,67576
47011,TN,4.1,49802
47013,TN,4.8,42331
47015,TN,3.4,50628
47017,TN,4.6,47390
47019,TN,4.2,44786
47021,TN,3.1,78330
47023,TN,3.3,42839
47025,TN,4.1,43365
47027,TN,5.3,37683
47029,TN,5.5,41576
47031,TN,4.1,55177
47033,TN,3.6,50046
47035,TN,4.8,52529
47037,TN,4.2,64418
47039,TN,5.7,47232
47041,TN,4.5,51002
47043,TN,3.4,60309
47045,TN,4.6,50906
47047,TN,4.1,73132
47049,TN,4.0,43931
47051,TN,3.8,49491
47053,TN,4.3,47850
47055,TN,4.3,51332
47057,TN,4.2,45056
47059,TN,4.4,43164
47061,TN,5.4,41133
47063,TN,4.0,48047
47065,TN,4.0,61478
47067,TN,4.8,33109
47069,TN,6.0,44937
47071,TN,4.5,46776
47073,TN,4.4,52898
47075,TN,5.9,43742
47077,TN,4.4,47599
47079,TN,4.0,41598
47081,TN,3.5,53738
47083,TN,4.8,47465
47085,TN,3.9,57767
47087,TN,4.3,43115
47089,TN,4.1,57864
47091,TN,3.5,43039
47093,TN,3.3,57886
47095,TN,6.0,32163
47097,TN,6.0,43386
47099,TN,4.3,47353
47101,TN,4.7,48288
47103,TN,4.1,56661
47105,TN,3.4,70292
47107,TN,4.5,50297
47109,TN,5.3,44341
47111,TN,3.7,47031
47113,TN,4.5,47580
47115,TN,4.3,50941
47117,TN,4.5,58073
47119,TN,4.7,65942
47121,TN,4.9,49242
47123,TN,3.8,50945
47125,TN,4.5,60779
47127,TN,2.6,64271
47129,TN,4.3,48321
47131,TN,4.7,45643
47133,TN,3.6,43167
47135,TN,7.2,46366
47137,TN,3.8,40120
47139,TN,4.1,48184
47141,TN,3.7,47120
47143,TN,4.8,45724
47145,TN,4.0,58988
47147,TN,3.3,63918
47149,TN,3.4,73980
47151,TN,5.1,39020
47153,TN,4.4,51197
47155,TN,3.9,54284
47157,TN,6.8,50870
47159,TN,3.3,59355
47161,TN,4.1,55022
47163,TN,4.2,48968
47165,TN,3.3,72325
47167,TN,4.3,61432
47169,TN,3.7,54970
47171,TN,4.9,45635
47173,TN,4.0,45520
47175,TN,5.0,45908
47177,TN,4.7,49532
47179,TN,3.6,52088
47181,TN,4.1,42754
47183,TN,3.8,46979
47185,TN,3.9,46475
47187,TN,2.5,118257
47189,TN,3.2,77822
48001,TX,4.8,50879
48003,TX,5.9,76600
48005,TX,6.5,49943
48007,TX,7.3,51461
48009,TX,4.2,69566
48011,TX,3.6,62256
48013,TX,6.2,60594
48015,TX,5.5,60593
48017,TX,4.9,48259
48019,TX,4.7,64389
48021,TX,4.5,74612
48023,TX,3.4,44392
48025,TX,8.7,46316
48027,TX,5.7,53639
48029,TX,5.4,60477
48031,TX,3.3,66383
48033,TX,2.4,69499
48035,TX,4.6,58056
48037,TX,5.8,50326
48039,TX,6.9,83576
48041,TX,4.1,53570
48043,TX,4.5,48537
48045,TX,4.7,50062
48047,TX,9.2,33513
48049,TX,5.2,48752
48051,TX,5.0,64836
48053,TX,3.7,63813
48055,TX,4.9,66128
48057,TX,4.9,58470
48059,TX,4.6,54862
48061,TX,8.2,44440
48063,TX,5.9,43130
48065,TX,3.9,66597
48067,TX,6.7,50595
48069,TX,3.5,55139
48071,TX,8.3,89991
48073,TX,6.4,45894
48075,TX,3.6,45473
48077,TX,4.9,62763
48079,TX,6.3,44584
48081,TX,4.8,51050
48083,TX,6.0,43623
48085,TX,4.3,101560
48087,TX,4.3,47885
48089,TX,4.8,52726
48091,TX,4.5,79290
48093,TX,4.6,47282
48095,TX,4.2,47412
48097,TX,5.0,66323
48099,TX,5.7,58398
48101,TX,4.6,44430
48103,TX,9.6,67547
48105,TX,6.7,54458
48107,TX,5.6,42804
48109,TX,4.8,47479
48111,TX,2.6,55253
48113,TX,5.6,65770
48115,TX,7.0,47233
48117,TX,3.7,51412
48119,TX,4.9,50456
48121,TX,4.4,90880
48123,TX,4.8,53899
48125,TX,5.1,42034
48127,TX,5.7,42788
48129,TX,4.1,57526
48131,TX,8.3,40601
48133,TX,5.8,50317
48135,TX,8.3,62669
48137,TX,4.3,45330
48139,TX,4.5,79849
48141,TX,6.2,48522
48143,TX,4.5,61453
48145,TX,5.3,44590
48147,TX,4.0,59746
48149,TX,4.3,63713
48151,TX,4.2,52828
48153,TX,5.8,44256
48155,TX,3.4,40955
48157,TX,5.9,97210
48159,TX,4.4,58927
48161,TX,7.2,54502
48163,TX,4.8,47007
48165,TX,4.6,63528
48167,TX,6.7,78465
48169,TX,5.0,50934
48171,TX,3.3,64365
48173,TX,2.9,85001
48175,TX,6.6,54970
48177,TX,4.3,55363
48179,TX,6.7,54141
48181,TX,4.6,59554
48183,TX,6.5,51394
48185,TX,6.7,57795
48187,TX,4.4,78909
48189,TX,6.1,46589
48191,TX,5.4,36654
48193,TX,4.1,52840
48195,TX,3.0,61059
48197,TX,4.3,63479
48199,TX,8.0,69151
48201,TX,6.5,61906
48203,TX,6.6,55198
48205,TX,2.1,74686
48207,TX,3.9,44847
48209,TX,4.1,77511
48211,TX,4.3,65718
48213,TX,5.1,52660
48215,TX,9.3,46653
48217,TX,5.0,56565
48219,TX,6.0,55469
48221,TX,5.2,85449
48223,TX,4.3,53634
48225,TX,4.8,45989
48227,TX,6.5,58445
48229,TX,5.8,40666
48231,TX,5.1,53760
48233,TX,6.0,62536
48235,TX,4.9,73776
48237,TX,5.5,56028
48239,TX,5.0,56101
48241,TX,9.7,51153
48243,TX,4.3,55718
48245,TX,10.0,48808
48247,TX,8.8,41620
48249,TX,10.2,48773
48251,TX,4.9,67382
48253,TX,6.2,47019
48255,TX,5.2,56006
48257,TX,4.9,76352
48259,TX,3.8,103216
48261,TX,6.0,45980
48263,TX,2.9,53472
48265,TX,4.5,57425
48267,TX,4.1,47894
48269,TX,0.9,78210
48271,TX,5.5,62557
48273,TX,7.1,51574
48275,TX,4.7,46053
48277,TX,5.5,44688
48279,TX,5.0,48123
48281,TX,4.8,69051
48283,TX,4.3,45647
48285,TX,4.5,57999
48287,TX,4.3,61444
48289,TX,7.1,52878
48291,TX,9.2,61230
48293,TX,6.2,53143
48295,TX,3.7,67775
48297,TX,6.8,54031
48299,TX,4.8,60706
48301,TX,0.9,97491
48303,TX,4.5,56477
48305,TX,4.3,51003
48307,TX,6.5,47617
48309,TX,4.9,55148
48311,TX,2.3,45927
48313,TX,6.2,58674
48315,TX,6.9,42024
48317,TX,4.8,73367
48319,TX,4.7,63120
48321,TX,8.3,52241
48323,TX,12.7,41324
48325,TX,5.0,62600
48327,TX,4.8,41477
48329,TX,5.7,92117
48331,TX,5.8,49961
48333,TX,4.4,49089
48335,TX,7.1,46156
48337,TX,5.1,56012
48339,TX,5.8,85348
48341,TX,3.3,53341
48343,TX,10.5,45122
48345,TX,5.1,46712
48347,TX,5.5,49375
48349,TX,5.1,50778
48351,TX,10.4,45769
48353,TX,4.8,41720
48355,TX,6.9,55727
48357,TX,4.6,71477
48359,TX,3.5,61013
48361,TX,9.0,61323
48363,TX,5.7,59450
48365,TX,6.7,51936
48367,TX,4.4,88617
48369,TX,2.9,61989
48371,TX,7.1,52792
48373,TX,8.0,47535
48375,TX,4.3,45903
48377,TX,10.5,39967
48379,TX,3.9,59195
48381,TX,3.5,71041
48383,TX,7.7,66711
48385,TX,5.9,43076
48387,TX,5.9,46727
48389,TX,5.9,64863
48391,TX,6.7,48433
48393,TX,4.3,69927
48395,TX,5.3,55218
48397,TX,4.3,106225
48399,TX,4.1,50972
48401,TX,6.0,56954
48403,TX,9.5,51046
48405,TX,8.2,45781
48407,TX,7.4,51575
48409,TX,8.8,56944
48411,TX,4.7,48349
48413,TX,5.5,54471
48415,TX,6.7,57158
48417,TX,4.0,64931
48419,TX,5.4,41194
48421,TX,3.0,66408
48423,TX,5.1,60735
48425,TX,5.2,67984
48427,TX,16.2,35716
48429,TX,4.9,48911
48431,TX,5.1,68435
48433,TX,4.1,59802
48435,TX,8.3,64612
48437,TX,4.9,39897
48439,TX,5.3,72064
48441,TX,4.3,52974
48443,TX,3.6,42849
48445,TX,6.1,47292
48447,TX,2.8,46820
48449,TX,5.4,52973
48451,TX,4.9,55990
48453,TX,4.0,82605
48455,TX,7.3,47685
48457,TX,8.5,48809
48459,TX,6.3,58231
48461,TX,5.2,59593
48463,TX,5.5,49275
48465,TX,5.9,54346
48467,TX,4.7,57891
48469,TX,6.4,53583
48471,TX,6.3,43002
48473,TX,6.4,69460
48475,TX,7.2,57257
48477,TX,5.2,62667
48479,TX,6.3,56588
48481,TX,5.7,55887
48483,TX,6.2,49838
48485,TX,5.3,54659
48487,TX,6.6,51774
48489,TX,10.5,40190
48491,TX,4.0,91507
48493,TX,4.4,74529
48495,TX,7.7,77960
48497,TX,4.9,71636
48499,TX,5.6,61886
48501,TX,7.8,67132
48503,TX,4.5,54569
48505,TX,12.1,39876
48507,TX,12.7,34898
49001,UT,2.8,61858
49003,UT,2.4,73926
49005,UT,2.0,65391
49007,UT,3.9,51902
49009,UT,3.6,63461
49011,UT,2.4,92253
49013,UT,4.9,61709
49015,UT,3.9,64144
49017,UT,6.5,47638
49019,UT,4.4,58852
49021,UT,2.8,52942
49023,UT,2.0,70086
49025,UT,2.9,58352
49027,UT,2.4,60316
49029,UT,2.1,103746
49031,UT,4.4,47206
49033,UT,2.3,75531
49035,UT,2.8,79294
49037,UT,6.3,50686
49039,UT,2.8,55033
49041,UT,3.3,56318
49043,UT,2.9,115756
49045,UT,2.9,79101
49047,UT,5.6,63282
49049,UT,2.3,81804
49051,UT,2.9,87098
49053,UT,2.9,71904
49055,UT,4.7,54790
49057,UT,2.9,72091
50001,VT,2.8,73049
50003,VT,4.3,65528
50005,VT,3.7,52203
50007,VT,2.8,80539
50009,VT,4.8,50956
50011,VT,3.5,62763
50013,VT,3.9,79994
50015,VT,4.0,57909
50017,VT,3.2,60624
50019,VT,4.6,56721
50021,VT,4.2,62289
50023,VT,3.0,70061
50025,VT,4.4,59017
50027,VT,3.3,60842
51001,VA,4.3,44127
51003,VA,3.2,79708
51005,VA,4.1,52281
51007,VA,3.6,70511
51009,VA,3.7,61111
51011,VA,3.9,55152
51013,VA,3.0,125004
51015,VA,3.1,67698
51017,VA,4.6,56165
51019,VA,3.4,70004
51021,VA,3.4,56637
51023,VA,3.0,70803
51025,VA,6.3,45556
51027,VA,6.7,35891
51029,VA,5.3,49339
51031,VA,3.8,59223
51033,VA,4.3,67663
51035,VA,4.1,48555
51036,VA,4.4,61850
51037,VA,3.7,45084
51041,VA,3.6,83598
51043,VA,3.1,88407
51045,VA,3.3,57314
51047,VA,3.2,80151
51049,VA,4.3,51035
51051,VA,5.3,38394
51053,VA,4.5,63567
51057,VA,4.8,56134
51059,VA,3.5,132509
51061,VA,3.0,106977
51063,VA,3.1,54262
51065,VA,3.3,79598
51067,VA,3.5,61714
51069,VA,2.9,83033
51071,VA,3.5,55983
51073,VA,3.4,73893
51075,VA,3.1,101927
51077,VA,3.3,45896
51079,VA,3.0,70046
51081,VA,4.9,48578
51083,VA,4.8,43386
51085,VA,3.0,97717
51087,VA,4.0,80105
51089,VA,4.7,41706
51091,VA,2.9,52898
51093,VA,3.5,75481
51095,VA,4.0,86501
51097,VA,3.1,60133
51099,VA,2.9,90786
51101,VA,3.3,79313
51103,VA,5.3,55539
51105,VA,4.0,38229
51107,VA,3.1,155362
51109,VA,3.4,69907
51111,VA,3.8,47384
51113,VA,2.5,67373
51115,VA,3.2,68946
51117,VA,4.7,49542
51119,VA,3.4,60752
51121,VA,3.0,62418
51125,VA,3.5,60757
51127,VA,3.0,107658
51131,VA,5.4,50096
51133,VA,4.9,60575
51135,VA,3.7,51503
51137,VA,3.6,73226
51139,VA,4.6,52107
51141,VA,4.5,46149
51143,VA,4.0,49124
51145,VA,2.9,98465
51147,VA,4.8,47968
51149,VA,4.5,75717
51153,VA,4.0,111117
51155,VA,4.0,50530
51157,VA,2.9,76634
51159,VA,3.5,55870
51161,VA,3.1,71613
51163,VA,3.7,55684
51165,VA,2.9,62609
51167,VA,4.3,43206
51169,VA,3.6,44937
51171,VA,3.6,54294
51173,VA,4.0,43351
51175,VA,3.5,60441
51177,VA,3.8,94299
51179,VA,3.6,110120
51181,VA,3.8,57872
51183,VA,6.5,48040
51185,VA,5.2,45214
51187,VA,3.5,63797
51191,VA,3.6,53785
51193,VA,4.4,59343
51195,VA,5.2,41723
51197,VA,4.0,54399
51199,VA,3.3,91711
51510,VA,3.8,99763
51520,VA,4.7,41444
51530,VA,3.9,48837
51540,VA,3.7,70501
51550,VA,3.8,80402
51570,VA,4.8,67339
51580,VA,5.8,40683
51590,VA,6.5,36560
51595,VA,7.8,42895
51600,VA,3.4,102828
51610,VA,2.6,160305
51620,VA,6.9,47223
51630,VA,4.7,72437
51640,VA,4.1,40271
51650,VA,5.7,53719
51660,VA,4.0,52159
51670,VA,7.5,41792
51678,VA,4.9,63580
51680,VA,5.1,56089
51683,VA,3.9,87804
51685,VA,3.8,82255
51690,VA,7.5,35715
51700,VA,5.6,60048
51710,VA,5.7,51401
51720,VA,4.9,36004
51730,VA,10.5,43190
51735,VA,2.8,99310
51740,VA,6.7,52070
51750,VA,4.1,42938
51760,VA,5.5,54815
51770,VA,4.8,49313
51775,VA,3.6,70349
51790,VA,3.8,51230
51800,VA,4.4,72264
51810,VA,3.7,73961
51820,VA,4.1,53635
51830,VA,4.9,60655
51840,VA,3.5,58295
53001,WA,5.5,56421
53003,WA,3.7,53377
53005,WA,5.6,75882
53007,WA,5.3,61546
53009,WA,6.5,54712
53011,WA,5.5,76929
53013,WA,5.2,58220
53015,WA,6.4,64357
53017,WA,5.5,64768
53019,WA,8.9,47722
53021,WA,6.6,73656
53023,WA,5.8,56804
53025,WA,6.6,54753
53027,WA,7.8,54034
53029,WA,5.6,76965
53031,WA,6.2,66386
53033,WA,4.3,102620
53035,WA,5.0,76814
53037,WA,6.3,64727
53039,WA,6.0,57476
53041,WA,6.3,54578
53043,WA,4.9,61332
53045,WA,7.0,63785
53047,WA,6.6,48979
53049,WA,7.9,53319
53051,WA,7.6,57212
53053,WA,6.1,80236
53055,WA,5.0,74533
53057,WA,6.3,78798
53059,WA,6.4,68501
53061,WA,5.0,93589
53063,WA,5.4,60827
53065,WA,6.7,50958
53067,WA,5.2,79769
53069,WA,6.6,62099
53071,WA,4.6,61281
53073,WA,6.0,70463
53075,WA,4.5,52066
53077,WA,7.0,56353
54001,WV,5.3,43773
54003,WV,3.6,67163
54005,WV,6.1,49076
54007,WV,6.7,47959
54009,WV,6.1,50381
54011,WV,4.6,44161
54013,WV,10.3,41726
54015,WV,7.7,36537
54017,WV,4.1,50445
54019,WV,6.2,41964
54021,WV,6.9,41579
54023,WV,4.5,45624
54025,WV,4.5,40016
54027,WV,3.4,53333
54029,WV,6.3,52305
54031,WV,4.9,47469
54033,WV,4.7,52075
54035,WV,5.7,52123
54037,WV,3.1,85779
54039,WV,5.2,47830
54041,WV,7.0,53471
54043,WV,6.6,40741
54045,WV,6.6,38571
54047,WV,8.2,26582
54049,WV,5.2,58878
54051,WV,6.2,54028
54053,WV,5.5,44307
54055,WV,6.0,42095
54057,WV,4.7,50300
54059,WV,9.0,32955
54061,WV,3.9,55836
54063,WV,3.6,46879
54065,WV,3.5,57432
54067,WV,6.0,42725
54069,WV,5.1,41312
54071,WV,3.0,47167
54073,WV,7.2,55313
54075,WV,5.0,41173
54077,WV,4.5,51757
54079,WV,4.2,69175
54081,WV,5.2,44526
54083,WV,5.6,48306
54085,WV,5.6,45066
54087,WV,8.5,42379
54089,WV,4.7,38692
54091,WV,4.6,53587
54093,WV,5.4,44461
54095,WV,8.0,46693
54097,WV,6.2,46171
54099,WV,5.1,45507
54101,WV,6.2,34396
54103,WV,6.7,47322
54105,WV,7.6,49504
54107,WV,5.3,47019
54109,WV,5.8,39143
55001,WI,6.2,52060
55003,WI,5.0,52115
55005,WI,3.9,54963
55007,WI,5.7,58218
55009,WI,3.4,64905
55011,WI,4.2,56643
55013,WI,5.3,57888
55015,WI,2.8,79046
55017,WI,3.9,62841
55019,WI,3.2,55808
55021,WI,3.4,74776
55023,WI,4.4,53309
55025,WI,2.8,74829
55027,WI,3.2,65540
55029,WI,4.4,61319
55031,WI,4.4,60898
55033,WI,3.6,61880
55035,WI,3.2,67409
55037,WI,4.8,50420
55039,WI,3.2,69280
55041,WI,6.7,54555
55043,WI,3.0,55779
55045,WI,3.0,75666
55047,WI,4.3,61406
55049,WI,3.4,75075
55051,WI,6.4,48614
55053,WI,5.2,57164
55055,WI,3.3,71772
55057,WI,4.3,56025
55059,WI,4.3,70368
55061,WI,2.8,69077
55063,WI,3.0,63298
55065,WI,2.6,65235
55067,WI,4.5,55259
55069,WI,3.7,61066
55071,WI,3.4,62734
55073,WI,3.0,67074
55075,WI,4.4,56236
55077,WI,4.4,52450
55078,WI,8.6,41365
55079,WI,5.4,52281
55081,WI,3.2,63671
55083,WI,3.7,65981
55085,WI,4.3,59631
55087,WI,3.1,70727
55089,WI,3.1,83274
55091,WI,3.4,65068
55093,WI,3.4,80523
55095,WI,4.2,65258
55097,WI,3.5,67228
55099,WI,4.2,47172
55101,WI,4.7,66562
55103,WI,3.5,53970
55105,WI,4.4,66138
55107,WI,4.4,50922
55109,WI,3.4,82797
55111,WI,4.0,65746
55113,WI,5.1,50319
55115,WI,3.7,58088
55117,WI,3.1,64104
55119,WI,3.3,55370
55121,WI,3.7,59749
55123,WI,3.2,56561
55125,WI,4.7,54619
55127,WI,3.6,67656
55129,WI,4.5,54132
55131,WI,3.1,81659
55133,WI,3.1,92359
55135,WI,3.5,67078
55137,WI,4.2,58929
55139,WI,3.2,64653
55141,WI,4.4,54154
56001,WY,3.3,59179
56003,WY,4.4,54684
56005,WY,5.3,85022
56007,WY,3.9,66589
56009,WY,4.9,79304
56011,WY,3.4,67443
56013,WY,4.7,52010
56015,WY,3.5,51398
56017,WY,3.9,48864
56019,WY,4.1,62671
56021,WY,4.0,69450
56023,WY,3.8,73062
56025,WY,6.1,65901
56027,WY,3.6,52837
56029,WY,4.1,63093
56031,WY,4.0,60178
56033,WY,4.2,59947
56035,WY,5.6,82442
56037,WY,5.6,70583
56039,WY,3.2,92488
56041,WY,5.0,71246
56043,WY,4.0,58532
56045,WY,3.2,58901
